filename,psnr,ssim,lpips
ILSVRC2012_val_00000020.png,32.64815,0.9624019096429884,[[[0.10062177]]]
ILSVRC2012_val_00000047.png,34.018143,0.9621835585867087,[[[0.04694833]]]
ILSVRC2012_val_00000075.png,32.92036,0.9486884722947165,[[[0.07816654]]]
ILSVRC2012_val_00000090.png,33.493458,0.9784684857388866,[[[0.02080801]]]
ILSVRC2012_val_00000113.png,34.89025,0.9802165677419793,[[[0.06448488]]]
ILSVRC2012_val_00000279.png,31.301441,0.974680408750789,[[[0.02521474]]]
ILSVRC2012_val_00000304.png,28.673002,0.9739035212724414,[[[0.03959408]]]
ILSVRC2012_val_00000318.png,34.434566,0.9622663424726392,[[[0.08470847]]]
ILSVRC2012_val_00000327.png,31.143553,0.9585610065630692,[[[0.04464318]]]
ILSVRC2012_val_00000408.png,28.01512,0.9688869209837564,[[[0.03520256]]]
ILSVRC2012_val_00000412.png,35.78842,0.9719981790050682,[[[0.03385443]]]
ILSVRC2012_val_00000485.png,30.91068,0.9531799106625352,[[[0.07038815]]]
ILSVRC2012_val_00000528.png,33.716995,0.9536880104908603,[[[0.07889622]]]
ILSVRC2012_val_00000573.png,33.773464,0.9516531708730679,[[[0.02789155]]]
ILSVRC2012_val_00000603.png,39.64891,0.9875241651715304,[[[0.06615081]]]
ILSVRC2012_val_00000616.png,43.3994,0.985591788123148,[[[0.06933026]]]
ILSVRC2012_val_00000637.png,35.263382,0.9504702804767408,[[[0.10616514]]]
ILSVRC2012_val_00000684.png,31.047361,0.9598196820805044,[[[0.07633443]]]
ILSVRC2012_val_00000722.png,36.53316,0.9721046221644051,[[[0.09976834]]]
ILSVRC2012_val_00000725.png,35.56541,0.9876413207426624,[[[0.02824802]]]
ILSVRC2012_val_00000795.png,30.306839,0.9593419525115152,[[[0.04898339]]]
ILSVRC2012_val_00000833.png,32.374844,0.9625344505576731,[[[0.02365562]]]
ILSVRC2012_val_00000885.png,32.604946,0.9710489088036623,[[[0.04527153]]]
ILSVRC2012_val_00000935.png,30.911886,0.9614125908976937,[[[0.06604182]]]
ILSVRC2012_val_00000954.png,34.581646,0.96493049310693,[[[0.02821665]]]
ILSVRC2012_val_00000966.png,35.306694,0.9550275225980038,[[[0.05923979]]]
ILSVRC2012_val_00000989.png,30.244066,0.9758031929352113,[[[0.05654272]]]
ILSVRC2012_val_00001111.png,36.0585,0.9699106470672749,[[[0.08145418]]]
ILSVRC2012_val_00001136.png,31.236706,0.9624228693881433,[[[0.08840612]]]
ILSVRC2012_val_00001177.png,32.765038,0.9435752024200955,[[[0.11764815]]]
ILSVRC2012_val_00001182.png,30.60664,0.9713611169165675,[[[0.03113124]]]
ILSVRC2012_val_00001213.png,34.06811,0.9567143791567257,[[[0.05142869]]]
ILSVRC2012_val_00001338.png,28.168327,0.973264369302742,[[[0.05710139]]]
ILSVRC2012_val_00001451.png,28.940075,0.9704127338249653,[[[0.02710594]]]
ILSVRC2012_val_00001537.png,33.993687,0.9705007263100235,[[[0.06188468]]]
ILSVRC2012_val_00001574.png,31.68695,0.9376927418124371,[[[0.11129905]]]
ILSVRC2012_val_00001652.png,32.31568,0.9641890701768857,[[[0.03293598]]]
ILSVRC2012_val_00001673.png,31.833511,0.9456738496715611,[[[0.03489714]]]
ILSVRC2012_val_00001781.png,34.373913,0.948652206259305,[[[0.08419298]]]
ILSVRC2012_val_00001825.png,38.01206,0.9725071872482979,[[[0.08546157]]]
ILSVRC2012_val_00001853.png,34.837234,0.9642500447962308,[[[0.06407361]]]
ILSVRC2012_val_00001880.png,31.599525,0.9639032674535466,[[[0.06106375]]]
ILSVRC2012_val_00001931.png,34.06102,0.9723231785463105,[[[0.02221691]]]
ILSVRC2012_val_00001942.png,33.344337,0.9765644055134869,[[[0.02486859]]]
ILSVRC2012_val_00001958.png,36.228333,0.9354035551229741,[[[0.06132556]]]
ILSVRC2012_val_00002009.png,33.32704,0.967873424695183,[[[0.04334263]]]
ILSVRC2012_val_00002024.png,35.858418,0.9813988081899676,[[[0.04627525]]]
ILSVRC2012_val_00002047.png,34.933857,0.9734591552191422,[[[0.10033442]]]
ILSVRC2012_val_00002123.png,27.61864,0.9568933977650314,[[[0.07031704]]]
ILSVRC2012_val_00002130.png,32.020813,0.9326436967671401,[[[0.08565871]]]
ILSVRC2012_val_00002146.png,32.58103,0.9532147890301362,[[[0.03031224]]]
ILSVRC2012_val_00002167.png,31.369726,0.9650620192339521,[[[0.04973256]]]
ILSVRC2012_val_00002228.png,31.673983,0.962436138406416,[[[0.04885652]]]
ILSVRC2012_val_00002239.png,32.40235,0.9625672354845147,[[[0.06169556]]]
ILSVRC2012_val_00002256.png,33.39546,0.9630846564389497,[[[0.06272811]]]
ILSVRC2012_val_00002282.png,34.97708,0.9638699311965291,[[[0.02575858]]]
ILSVRC2012_val_00002325.png,35.322792,0.9368078314517888,[[[0.10082689]]]
ILSVRC2012_val_00002347.png,34.4702,0.9677092147927536,[[[0.06323922]]]
ILSVRC2012_val_00002411.png,30.781273,0.9693154794058937,[[[0.03497544]]]
ILSVRC2012_val_00002420.png,38.285385,0.985351590584202,[[[0.03185011]]]
ILSVRC2012_val_00002511.png,33.856174,0.9577371782201533,[[[0.10305476]]]
ILSVRC2012_val_00002537.png,33.081253,0.9626865345820751,[[[0.06174093]]]
ILSVRC2012_val_00002575.png,31.392859,0.9653455467425324,[[[0.03425995]]]
ILSVRC2012_val_00002595.png,32.95455,0.9359064924403708,[[[0.10631979]]]
ILSVRC2012_val_00002664.png,36.303185,0.9625694946037873,[[[0.1160319]]]
ILSVRC2012_val_00002689.png,31.025032,0.9639812278320359,[[[0.07422058]]]
ILSVRC2012_val_00002838.png,35.336754,0.9712971757769921,[[[0.06751672]]]
ILSVRC2012_val_00002850.png,32.307808,0.9534865371183882,[[[0.07428239]]]
ILSVRC2012_val_00002885.png,33.396088,0.9499253891952608,[[[0.07112558]]]
ILSVRC2012_val_00002887.png,41.592987,0.996154602685177,[[[0.00294702]]]
ILSVRC2012_val_00002940.png,30.906507,0.936664027682734,[[[0.07220133]]]
ILSVRC2012_val_00002991.png,33.30392,0.9393411941572357,[[[0.09503759]]]
ILSVRC2012_val_00003117.png,35.18545,0.9625636765898037,[[[0.07195909]]]
ILSVRC2012_val_00003122.png,36.639996,0.966415727453169,[[[0.060896]]]
ILSVRC2012_val_00003169.png,35.56593,0.9633478772256996,[[[0.06725514]]]
ILSVRC2012_val_00003219.png,33.936512,0.9651432512503011,[[[0.08767759]]]
ILSVRC2012_val_00003230.png,29.854944,0.968758284104771,[[[0.0397661]]]
ILSVRC2012_val_00003380.png,38.23071,0.976823399425374,[[[0.06564771]]]
ILSVRC2012_val_00003423.png,31.045708,0.9643843939239811,[[[0.05661351]]]
ILSVRC2012_val_00003538.png,32.64666,0.9591580150312354,[[[0.03842225]]]
ILSVRC2012_val_00003545.png,34.054672,0.9287994665987676,[[[0.13387686]]]
ILSVRC2012_val_00003627.png,31.293467,0.957594493079627,[[[0.12127523]]]
ILSVRC2012_val_00003688.png,33.663437,0.9628231848153537,[[[0.05036738]]]
ILSVRC2012_val_00003741.png,36.308575,0.948310927435021,[[[0.15599494]]]
ILSVRC2012_val_00003747.png,33.10481,0.9606135900696152,[[[0.1172827]]]
ILSVRC2012_val_00003748.png,32.261665,0.9708909368547467,[[[0.05285206]]]
ILSVRC2012_val_00003892.png,32.6397,0.962375214634856,[[[0.09392224]]]
ILSVRC2012_val_00003909.png,31.998333,0.9556838045077116,[[[0.061729]]]
ILSVRC2012_val_00004009.png,36.40812,0.9650312625088304,[[[0.07223806]]]
ILSVRC2012_val_00004013.png,35.05673,0.9686831180779155,[[[0.05988035]]]
ILSVRC2012_val_00004018.png,30.26957,0.9534449627293465,[[[0.04519381]]]
ILSVRC2012_val_00004070.png,36.283825,0.9646077210122127,[[[0.08074766]]]
ILSVRC2012_val_00004090.png,32.53089,0.9628229099923035,[[[0.06243092]]]
ILSVRC2012_val_00004103.png,34.004803,0.970902634847798,[[[0.05009081]]]
ILSVRC2012_val_00004106.png,32.441776,0.9678920570964489,[[[0.08371944]]]
ILSVRC2012_val_00004176.png,29.698051,0.9631251595800234,[[[0.08303703]]]
ILSVRC2012_val_00004231.png,31.165743,0.9605009615963227,[[[0.03901798]]]
ILSVRC2012_val_00004266.png,32.612755,0.9696792745217209,[[[0.05847223]]]
ILSVRC2012_val_00004345.png,30.367207,0.9570058309973831,[[[0.04253006]]]
ILSVRC2012_val_00004389.png,33.34022,0.9163127720684117,[[[0.07526267]]]
ILSVRC2012_val_00004402.png,30.148613,0.9483682785083263,[[[0.04315776]]]
ILSVRC2012_val_00004437.png,35.649097,0.9693011479387739,[[[0.05139531]]]
ILSVRC2012_val_00004490.png,30.45787,0.9543586675738015,[[[0.04512558]]]
ILSVRC2012_val_00004566.png,36.785103,0.9445321875124847,[[[0.17235988]]]
ILSVRC2012_val_00004613.png,37.38844,0.9708936174100007,[[[0.07780597]]]
ILSVRC2012_val_00004702.png,36.961357,0.9735918132574795,[[[0.06877484]]]
ILSVRC2012_val_00004735.png,32.688232,0.9670482671810795,[[[0.05094049]]]
ILSVRC2012_val_00004736.png,29.626564,0.9577649720755576,[[[0.03957682]]]
ILSVRC2012_val_00004859.png,33.06006,0.9653407723752403,[[[0.03106511]]]
ILSVRC2012_val_00004945.png,30.723055,0.9666427100413751,[[[0.03811642]]]
ILSVRC2012_val_00004990.png,39.202686,0.9902132769466372,[[[0.0154884]]]
ILSVRC2012_val_00005010.png,30.93072,0.9798799208158918,[[[0.02740966]]]
ILSVRC2012_val_00005045.png,31.93737,0.9676637954021826,[[[0.03829626]]]
ILSVRC2012_val_00005059.png,37.35497,0.9597370532062104,[[[0.1128234]]]
ILSVRC2012_val_00005088.png,32.275627,0.9752633764356978,[[[0.02251261]]]
ILSVRC2012_val_00005109.png,39.684452,0.9902696339475918,[[[0.02436269]]]
ILSVRC2012_val_00005140.png,30.577497,0.9556482790925924,[[[0.06143231]]]
ILSVRC2012_val_00005261.png,29.922182,0.9638733331085362,[[[0.05057143]]]
ILSVRC2012_val_00005365.png,41.978916,0.9852011862645635,[[[0.04055774]]]
ILSVRC2012_val_00005374.png,34.20696,0.9685840635109422,[[[0.07505443]]]
ILSVRC2012_val_00005375.png,39.629257,0.968720980497995,[[[0.05548592]]]
ILSVRC2012_val_00005406.png,36.37918,0.9627202831705846,[[[0.04200393]]]
ILSVRC2012_val_00005447.png,32.185932,0.9611409199439147,[[[0.06226781]]]
ILSVRC2012_val_00005471.png,31.214102,0.9539283237048026,[[[0.04569088]]]
ILSVRC2012_val_00005549.png,29.921782,0.9698917800558702,[[[0.04854751]]]
ILSVRC2012_val_00005563.png,30.580349,0.9718402538507179,[[[0.05829731]]]
ILSVRC2012_val_00005770.png,34.670544,0.9746152716617881,[[[0.02008336]]]
ILSVRC2012_val_00006002.png,36.943146,0.9584177496980347,[[[0.09286506]]]
ILSVRC2012_val_00006005.png,41.633934,0.991455963186964,[[[0.01133668]]]
ILSVRC2012_val_00006054.png,34.55036,0.9567106329408408,[[[0.06577134]]]
ILSVRC2012_val_00006094.png,31.457197,0.9650486069334566,[[[0.05483158]]]
ILSVRC2012_val_00006118.png,31.054152,0.9659043310251605,[[[0.082234]]]
ILSVRC2012_val_00006124.png,33.779346,0.9576182943174161,[[[0.05202138]]]
ILSVRC2012_val_00006140.png,33.591293,0.9433512110371797,[[[0.05324129]]]
ILSVRC2012_val_00006151.png,32.015915,0.9293733716021407,[[[0.09182496]]]
ILSVRC2012_val_00006184.png,34.123783,0.9537643109337497,[[[0.07035293]]]
ILSVRC2012_val_00006261.png,35.410606,0.9735699075374317,[[[0.06256869]]]
ILSVRC2012_val_00006287.png,33.977627,0.9654438862002855,[[[0.05167984]]]
ILSVRC2012_val_00006333.png,36.97799,0.969972823298992,[[[0.01524392]]]
ILSVRC2012_val_00006335.png,30.982738,0.9693618832280405,[[[0.04173348]]]
ILSVRC2012_val_00006346.png,31.137064,0.9607934667680791,[[[0.06488523]]]
ILSVRC2012_val_00006349.png,28.93152,0.9644751160725471,[[[0.03860844]]]
ILSVRC2012_val_00006377.png,32.644688,0.9545339326167567,[[[0.11071919]]]
ILSVRC2012_val_00006401.png,30.529148,0.9492935415486872,[[[0.03197483]]]
ILSVRC2012_val_00006409.png,31.666334,0.9766014768590721,[[[0.05051322]]]
ILSVRC2012_val_00006421.png,33.70749,0.9612906513346269,[[[0.04396895]]]
ILSVRC2012_val_00006428.png,34.905262,0.9501732272407797,[[[0.17134374]]]
ILSVRC2012_val_00006472.png,31.096592,0.9707074853301082,[[[0.04419538]]]
ILSVRC2012_val_00006511.png,31.130848,0.965114676057161,[[[0.03494707]]]
ILSVRC2012_val_00006516.png,31.301376,0.9388801169840449,[[[0.08409761]]]
ILSVRC2012_val_00006739.png,31.29467,0.9734484941740035,[[[0.0309913]]]
ILSVRC2012_val_00006796.png,30.354958,0.9707045541184701,[[[0.04184482]]]
ILSVRC2012_val_00006870.png,30.925787,0.9438532473343886,[[[0.04077648]]]
ILSVRC2012_val_00006916.png,33.575092,0.9568017190945051,[[[0.0837836]]]
ILSVRC2012_val_00006921.png,31.593523,0.9366623273100109,[[[0.16696627]]]
ILSVRC2012_val_00006998.png,30.947992,0.938872535462932,[[[0.0687521]]]
ILSVRC2012_val_00007126.png,36.213234,0.9414073278014617,[[[0.10113057]]]
ILSVRC2012_val_00007142.png,31.708181,0.9348346515590873,[[[0.06359737]]]
ILSVRC2012_val_00007238.png,36.63019,0.9018501172550695,[[[0.13980305]]]
ILSVRC2012_val_00007258.png,34.050873,0.9570371177301299,[[[0.16288999]]]
ILSVRC2012_val_00007282.png,34.238907,0.9720580385940477,[[[0.03347589]]]
ILSVRC2012_val_00007292.png,34.55079,0.931194867310408,[[[0.17005533]]]
ILSVRC2012_val_00007312.png,30.95221,0.9687460472009636,[[[0.04448837]]]
ILSVRC2012_val_00007323.png,31.366531,0.9660409430867498,[[[0.03641661]]]
ILSVRC2012_val_00007326.png,32.052044,0.9390037943249544,[[[0.0485556]]]
ILSVRC2012_val_00007351.png,30.322926,0.9529399014922977,[[[0.04742799]]]
ILSVRC2012_val_00007371.png,35.411728,0.9652282512379091,[[[0.04676266]]]
ILSVRC2012_val_00007540.png,30.00814,0.9653201012376235,[[[0.03057874]]]
ILSVRC2012_val_00007600.png,33.950333,0.9526683038447499,[[[0.05477437]]]
ILSVRC2012_val_00007750.png,33.09106,0.9453537764900445,[[[0.05738899]]]
ILSVRC2012_val_00007762.png,32.026257,0.9266929577668502,[[[0.07651635]]]
ILSVRC2012_val_00007768.png,31.86367,0.9315875773505005,[[[0.09502311]]]
ILSVRC2012_val_00008004.png,31.873085,0.9445093019667982,[[[0.09720588]]]
ILSVRC2012_val_00008049.png,30.86,0.9540297853970361,[[[0.0537096]]]
ILSVRC2012_val_00008112.png,31.327366,0.9696085570773316,[[[0.0413982]]]
ILSVRC2012_val_00008152.png,36.835,0.9640553681392804,[[[0.03492357]]]
ILSVRC2012_val_00008178.png,35.995163,0.9603399727247631,[[[0.07158694]]]
ILSVRC2012_val_00008209.png,34.063477,0.9650294182287226,[[[0.07965911]]]
ILSVRC2012_val_00008241.png,28.365782,0.9542207407048146,[[[0.05029369]]]
ILSVRC2012_val_00008255.png,32.725674,0.946186326147359,[[[0.06472121]]]
ILSVRC2012_val_00008275.png,31.748598,0.9722132699727029,[[[0.03956863]]]
ILSVRC2012_val_00008281.png,29.077719,0.956298500951267,[[[0.0480909]]]
ILSVRC2012_val_00008325.png,37.10044,0.986257087896281,[[[0.02368588]]]
ILSVRC2012_val_00008350.png,31.8196,0.9741197799574594,[[[0.04491526]]]
ILSVRC2012_val_00008397.png,37.33529,0.9551408925689542,[[[0.04491565]]]
ILSVRC2012_val_00008440.png,38.08168,0.988813569084692,[[[0.02351171]]]
ILSVRC2012_val_00008503.png,36.19057,0.9746175554944544,[[[0.02322081]]]
ILSVRC2012_val_00008572.png,32.638325,0.944819703922954,[[[0.06463045]]]
ILSVRC2012_val_00008620.png,35.393673,0.9403730354723355,[[[0.10705449]]]
ILSVRC2012_val_00008622.png,31.550484,0.942970031092024,[[[0.05806699]]]
ILSVRC2012_val_00008659.png,28.614332,0.9499941981299227,[[[0.05069174]]]
ILSVRC2012_val_00008669.png,34.48832,0.9761230361052567,[[[0.04753044]]]
ILSVRC2012_val_00008830.png,30.410795,0.9732776934473021,[[[0.01995683]]]
ILSVRC2012_val_00008997.png,30.886469,0.9642987848485417,[[[0.02853131]]]
ILSVRC2012_val_00009036.png,29.244831,0.9724716863665269,[[[0.0369216]]]
ILSVRC2012_val_00009083.png,31.468515,0.9563002007033188,[[[0.08731335]]]
ILSVRC2012_val_00009132.png,33.182247,0.9589189117924435,[[[0.03912101]]]
ILSVRC2012_val_00009389.png,28.914284,0.9662244266637589,[[[0.03213655]]]
ILSVRC2012_val_00009405.png,29.684761,0.9582178238710922,[[[0.04291452]]]
ILSVRC2012_val_00009407.png,32.56774,0.9737065468720232,[[[0.0171734]]]
ILSVRC2012_val_00009415.png,36.15676,0.964911954340748,[[[0.01890086]]]
ILSVRC2012_val_00009549.png,39.634903,0.98799069314375,[[[0.02034337]]]
ILSVRC2012_val_00009563.png,31.920921,0.9440014521781983,[[[0.05493554]]]
ILSVRC2012_val_00009628.png,30.749216,0.9431705370562673,[[[0.07328467]]]
ILSVRC2012_val_00009638.png,33.42771,0.9426111931266427,[[[0.05009107]]]
ILSVRC2012_val_00009717.png,31.970432,0.9563194553319458,[[[0.06870531]]]
ILSVRC2012_val_00009842.png,34.40395,0.9699812138154533,[[[0.09388129]]]
ILSVRC2012_val_00009856.png,29.094847,0.9686318935544501,[[[0.03199342]]]
ILSVRC2012_val_00009867.png,31.813412,0.934526148180391,[[[0.17876126]]]
ILSVRC2012_val_00009885.png,36.96263,0.9823242149689895,[[[0.05527384]]]
ILSVRC2012_val_00009892.png,36.060425,0.9750826308712188,[[[0.05026735]]]
ILSVRC2012_val_00009911.png,33.8921,0.9455675903485918,[[[0.09984151]]]
ILSVRC2012_val_00010022.png,32.857414,0.9695575797290485,[[[0.02835172]]]
ILSVRC2012_val_00010078.png,35.92647,0.969257785117118,[[[0.07325121]]]
ILSVRC2012_val_00010196.png,29.473383,0.9560831508615998,[[[0.03198265]]]
ILSVRC2012_val_00010243.png,33.591457,0.957509091067747,[[[0.03211353]]]
ILSVRC2012_val_00010287.png,31.116726,0.9731097040796668,[[[0.02757056]]]
ILSVRC2012_val_00010302.png,36.06822,0.947042627235907,[[[0.06817062]]]
ILSVRC2012_val_00010357.png,37.52841,0.9874989679800973,[[[0.02028896]]]
ILSVRC2012_val_00010376.png,33.66615,0.9667979873749191,[[[0.04382324]]]
ILSVRC2012_val_00010395.png,34.38765,0.9521768332063378,[[[0.07196172]]]
ILSVRC2012_val_00010457.png,31.714016,0.9769438514395019,[[[0.02418245]]]
ILSVRC2012_val_00010464.png,34.34279,0.9686236217873998,[[[0.09735387]]]
ILSVRC2012_val_00010507.png,35.02159,0.9609480164147501,[[[0.15613852]]]
ILSVRC2012_val_00010609.png,31.940441,0.9471218487936856,[[[0.06668853]]]
ILSVRC2012_val_00010619.png,32.57358,0.9388376832236953,[[[0.0569738]]]
ILSVRC2012_val_00010631.png,32.01809,0.9601923105449752,[[[0.06032647]]]
ILSVRC2012_val_00010768.png,31.494453,0.9652931518337878,[[[0.05421782]]]
ILSVRC2012_val_00010802.png,31.582891,0.939563091729518,[[[0.0574218]]]
ILSVRC2012_val_00010826.png,34.816547,0.9478575130770499,[[[0.08165966]]]
ILSVRC2012_val_00010894.png,35.66918,0.9653608959264108,[[[0.05710573]]]
ILSVRC2012_val_00010917.png,34.805614,0.95979386192322,[[[0.06847041]]]
ILSVRC2012_val_00010929.png,34.89041,0.9676928813675244,[[[0.06523339]]]
ILSVRC2012_val_00010937.png,32.36608,0.9401278439312893,[[[0.0572811]]]
ILSVRC2012_val_00011021.png,34.287712,0.9560623832359982,[[[0.03438641]]]
ILSVRC2012_val_00011090.png,33.2522,0.9865096585219999,[[[0.03047828]]]
ILSVRC2012_val_00011122.png,32.61683,0.9716644287385532,[[[0.06683706]]]
ILSVRC2012_val_00011129.png,34.442513,0.974869561260263,[[[0.04074607]]]
ILSVRC2012_val_00011148.png,31.89262,0.9557598640194649,[[[0.03618408]]]
ILSVRC2012_val_00011185.png,35.100655,0.9494611031745639,[[[0.12898415]]]
ILSVRC2012_val_00011189.png,34.36019,0.9410453523697494,[[[0.14398251]]]
ILSVRC2012_val_00011221.png,31.761349,0.963066333110119,[[[0.04229641]]]
ILSVRC2012_val_00011243.png,32.87996,0.9786164762931546,[[[0.02979005]]]
ILSVRC2012_val_00011293.png,34.808945,0.9440732279673766,[[[0.07285392]]]
ILSVRC2012_val_00011356.png,35.207962,0.9802389916033352,[[[0.04224596]]]
ILSVRC2012_val_00011414.png,30.378338,0.9538948310698419,[[[0.07158402]]]
ILSVRC2012_val_00011451.png,31.458584,0.9522028788658391,[[[0.04979064]]]
ILSVRC2012_val_00011465.png,33.28813,0.9439974280031939,[[[0.0623958]]]
ILSVRC2012_val_00011518.png,36.206455,0.9839106348141038,[[[0.03536206]]]
ILSVRC2012_val_00011551.png,33.801285,0.972712041517242,[[[0.05255627]]]
ILSVRC2012_val_00011608.png,30.69122,0.9602449439472837,[[[0.09251239]]]
ILSVRC2012_val_00011621.png,34.849735,0.9679307444651551,[[[0.03243419]]]
ILSVRC2012_val_00011625.png,29.247364,0.9605708331517202,[[[0.03290545]]]
ILSVRC2012_val_00011664.png,29.88192,0.9522827110912816,[[[0.06735365]]]
ILSVRC2012_val_00011702.png,32.678036,0.9460882770839277,[[[0.06822122]]]
ILSVRC2012_val_00011711.png,31.600918,0.9604341166275375,[[[0.02295318]]]
ILSVRC2012_val_00011765.png,31.919958,0.9534634842896682,[[[0.03704459]]]
ILSVRC2012_val_00012024.png,36.9039,0.9599331722859358,[[[0.10996023]]]
ILSVRC2012_val_00012123.png,35.665016,0.9490848992569703,[[[0.10047983]]]
ILSVRC2012_val_00012125.png,34.959625,0.957009901904255,[[[0.05869693]]]
ILSVRC2012_val_00012151.png,34.309975,0.9656047008274674,[[[0.05013618]]]
ILSVRC2012_val_00012416.png,37.23317,0.9893756955071115,[[[0.03884787]]]
ILSVRC2012_val_00012447.png,32.31591,0.9551942379746148,[[[0.06537041]]]
ILSVRC2012_val_00012558.png,31.893827,0.9530473037980403,[[[0.06590667]]]
ILSVRC2012_val_00012579.png,32.160774,0.9390185626711169,[[[0.0783438]]]
ILSVRC2012_val_00012630.png,30.596985,0.9668810201034496,[[[0.06741512]]]
ILSVRC2012_val_00012649.png,35.322624,0.9672140555259304,[[[0.0722131]]]
ILSVRC2012_val_00012665.png,31.773746,0.9476886134333312,[[[0.1414623]]]
ILSVRC2012_val_00012688.png,29.974554,0.9756801591080274,[[[0.03497954]]]
ILSVRC2012_val_00012691.png,31.16608,0.9656093922312899,[[[0.02900253]]]
ILSVRC2012_val_00012706.png,42.324318,0.9793949817751515,[[[0.05585727]]]
ILSVRC2012_val_00012834.png,44.799236,0.9966159409267691,[[[0.00463246]]]
ILSVRC2012_val_00012853.png,31.603167,0.9497451346043602,[[[0.11679916]]]
ILSVRC2012_val_00013040.png,32.90486,0.9572733505545304,[[[0.08585709]]]
ILSVRC2012_val_00013118.png,30.71619,0.938933000591001,[[[0.10774639]]]
ILSVRC2012_val_00013193.png,47.654987,0.9987228807406975,[[[0.0011838]]]
ILSVRC2012_val_00013287.png,36.542103,0.9699720034172197,[[[0.11360242]]]
ILSVRC2012_val_00013289.png,32.515293,0.9858454829155079,[[[0.04141334]]]
ILSVRC2012_val_00013303.png,40.02689,0.9739884533328306,[[[0.04893244]]]
ILSVRC2012_val_00013339.png,31.018143,0.9676321723190576,[[[0.08236495]]]
ILSVRC2012_val_00013595.png,30.73408,0.9548017673136845,[[[0.05834348]]]
ILSVRC2012_val_00013607.png,28.426899,0.9667058270693195,[[[0.04126853]]]
ILSVRC2012_val_00013612.png,34.500393,0.9533817907679784,[[[0.08823882]]]
ILSVRC2012_val_00013654.png,34.318977,0.9481809591115937,[[[0.06709437]]]
ILSVRC2012_val_00013710.png,30.86182,0.9613887655492254,[[[0.02700423]]]
ILSVRC2012_val_00013823.png,29.338665,0.9471714517298302,[[[0.06398208]]]
ILSVRC2012_val_00013944.png,30.956173,0.9612202131631534,[[[0.04649099]]]
ILSVRC2012_val_00013974.png,38.30659,0.9807805862448212,[[[0.02497489]]]
ILSVRC2012_val_00014042.png,30.657154,0.9687723579783403,[[[0.03867615]]]
ILSVRC2012_val_00014058.png,31.726618,0.9616155734533322,[[[0.0240996]]]
ILSVRC2012_val_00014118.png,32.892117,0.9702435649265513,[[[0.04229235]]]
ILSVRC2012_val_00014227.png,33.00177,0.9561524473757608,[[[0.08006444]]]
ILSVRC2012_val_00014249.png,33.476624,0.9636391570489576,[[[0.01623985]]]
ILSVRC2012_val_00014255.png,33.976994,0.9826325909318081,[[[0.03976859]]]
ILSVRC2012_val_00014264.png,35.41815,0.968140376665726,[[[0.11130539]]]
ILSVRC2012_val_00014277.png,33.10278,0.9435621655477701,[[[0.04560781]]]
ILSVRC2012_val_00014308.png,35.74356,0.9696735581346007,[[[0.07315128]]]
ILSVRC2012_val_00014326.png,31.459263,0.9613885118374971,[[[0.03443241]]]
ILSVRC2012_val_00014513.png,32.372528,0.9649972621211969,[[[0.02801216]]]
ILSVRC2012_val_00014556.png,33.799866,0.9603787135127325,[[[0.09475227]]]
ILSVRC2012_val_00014570.png,32.851143,0.9723940427279774,[[[0.04443262]]]
ILSVRC2012_val_00014653.png,32.375835,0.9576087308505655,[[[0.03510211]]]
ILSVRC2012_val_00014705.png,30.7922,0.9443008646507064,[[[0.05208436]]]
ILSVRC2012_val_00014735.png,37.13154,0.9757381730562316,[[[0.03093323]]]
ILSVRC2012_val_00014748.png,33.831898,0.9561646678709553,[[[0.06383509]]]
ILSVRC2012_val_00014768.png,34.156254,0.9529128707813234,[[[0.04073619]]]
ILSVRC2012_val_00014817.png,33.914978,0.9518219415519735,[[[0.07568688]]]
ILSVRC2012_val_00014982.png,35.522774,0.9666864887088508,[[[0.0412879]]]
ILSVRC2012_val_00014989.png,30.781788,0.9614600586924519,[[[0.04345488]]]
ILSVRC2012_val_00014995.png,44.54721,0.995283802087252,[[[0.00978706]]]
ILSVRC2012_val_00015085.png,33.04094,0.9664638680021144,[[[0.02853416]]]
ILSVRC2012_val_00015104.png,31.995268,0.9600652568181957,[[[0.03909936]]]
ILSVRC2012_val_00015146.png,32.97727,0.9595141535272086,[[[0.02633224]]]
ILSVRC2012_val_00015151.png,29.867435,0.9545823338305769,[[[0.04591928]]]
ILSVRC2012_val_00015182.png,44.669857,0.9947715017907734,[[[0.00630448]]]
ILSVRC2012_val_00015188.png,30.950281,0.9781618078498643,[[[0.05887663]]]
ILSVRC2012_val_00015210.png,34.21056,0.9442149272582593,[[[0.08361671]]]
ILSVRC2012_val_00015252.png,35.844654,0.9639090949783159,[[[0.06604329]]]
ILSVRC2012_val_00015317.png,30.939224,0.9597060794649527,[[[0.04757167]]]
ILSVRC2012_val_00015364.png,33.95798,0.9600805124131564,[[[0.05583054]]]
ILSVRC2012_val_00015477.png,31.487284,0.9851225567424485,[[[0.02675038]]]
ILSVRC2012_val_00015481.png,30.42344,0.9728122323235555,[[[0.03252386]]]
ILSVRC2012_val_00015513.png,30.605724,0.9708530325316551,[[[0.04152967]]]
ILSVRC2012_val_00015570.png,47.059345,0.9971571343392983,[[[0.04052477]]]
ILSVRC2012_val_00015578.png,32.724194,0.93991393563866,[[[0.04739332]]]
ILSVRC2012_val_00015588.png,30.31806,0.9647280553002476,[[[0.07790941]]]
ILSVRC2012_val_00015645.png,33.279587,0.9611485378653504,[[[0.04472333]]]
ILSVRC2012_val_00015700.png,31.533634,0.9396594856645051,[[[0.04843844]]]
ILSVRC2012_val_00015721.png,32.183193,0.9578191408320846,[[[0.07903489]]]
ILSVRC2012_val_00015775.png,32.97918,0.949706344755571,[[[0.11276794]]]
ILSVRC2012_val_00015913.png,31.908216,0.912420405362023,[[[0.12690136]]]
ILSVRC2012_val_00015921.png,44.344707,0.993849516536371,[[[0.01546136]]]
ILSVRC2012_val_00015947.png,33.35511,0.9562766726868138,[[[0.05586673]]]
ILSVRC2012_val_00016004.png,32.850117,0.952435543446933,[[[0.07131706]]]
ILSVRC2012_val_00016064.png,31.34157,0.9491225796838801,[[[0.09929669]]]
ILSVRC2012_val_00016136.png,33.529835,0.941077749700682,[[[0.10195053]]]
ILSVRC2012_val_00016191.png,40.836777,0.9933819725903944,[[[0.01207519]]]
ILSVRC2012_val_00016215.png,40.850372,0.9934015588840909,[[[0.01334838]]]
ILSVRC2012_val_00016219.png,33.00537,0.9529443890685739,[[[0.04703325]]]
ILSVRC2012_val_00016231.png,33.195904,0.9322961578933499,[[[0.06925894]]]
ILSVRC2012_val_00016272.png,32.757908,0.967895814947011,[[[0.05456687]]]
ILSVRC2012_val_00016292.png,29.785606,0.9654646914334232,[[[0.05902908]]]
ILSVRC2012_val_00016372.png,30.632092,0.9680416994190836,[[[0.06045583]]]
ILSVRC2012_val_00016375.png,37.356304,0.9705985423270193,[[[0.03478647]]]
ILSVRC2012_val_00016464.png,31.680784,0.9575932367231312,[[[0.12384348]]]
ILSVRC2012_val_00016522.png,32.98981,0.9694566129976177,[[[0.05567626]]]
ILSVRC2012_val_00016544.png,34.93769,0.9713111645750221,[[[0.05239379]]]
ILSVRC2012_val_00016551.png,38.743687,0.9645110626941091,[[[0.06908889]]]
ILSVRC2012_val_00016676.png,34.011272,0.9557054803535555,[[[0.08572158]]]
ILSVRC2012_val_00016708.png,35.739616,0.9808617598266604,[[[0.01422801]]]
ILSVRC2012_val_00016759.png,35.829884,0.978021057417788,[[[0.0676804]]]
ILSVRC2012_val_00016782.png,31.919918,0.9653839608037154,[[[0.06590602]]]
ILSVRC2012_val_00016844.png,36.017704,0.9637555118075016,[[[0.06259569]]]
ILSVRC2012_val_00016850.png,38.06608,0.9762357548400686,[[[0.04127543]]]
ILSVRC2012_val_00017056.png,34.944584,0.9532173813111134,[[[0.07308129]]]
ILSVRC2012_val_00017080.png,42.778282,0.9934723010509972,[[[0.010199]]]
ILSVRC2012_val_00017097.png,31.221142,0.9613277244558722,[[[0.05829303]]]
ILSVRC2012_val_00017143.png,30.684296,0.9722840579921486,[[[0.04730419]]]
ILSVRC2012_val_00017147.png,35.50016,0.9520598148236293,[[[0.06267875]]]
ILSVRC2012_val_00017205.png,31.190184,0.9606397549909222,[[[0.05291154]]]
ILSVRC2012_val_00017210.png,34.162415,0.9503175279169592,[[[0.06145977]]]
ILSVRC2012_val_00017234.png,41.09508,0.9852262089038354,[[[0.04298616]]]
ILSVRC2012_val_00017306.png,34.155006,0.92605376597933,[[[0.1408117]]]
ILSVRC2012_val_00017337.png,36.092308,0.9867993172558219,[[[0.01696671]]]
ILSVRC2012_val_00017525.png,31.078585,0.9726640965794969,[[[0.02438774]]]
ILSVRC2012_val_00017652.png,33.95531,0.9253344013029886,[[[0.09254009]]]
ILSVRC2012_val_00017668.png,37.010025,0.960781079183684,[[[0.07377242]]]
ILSVRC2012_val_00017669.png,33.579037,0.9709371772001799,[[[0.06932767]]]
ILSVRC2012_val_00017673.png,36.330547,0.9769122677876626,[[[0.03981752]]]
ILSVRC2012_val_00017696.png,33.425842,0.9532372257816804,[[[0.11118984]]]
ILSVRC2012_val_00017759.png,31.043003,0.9659295000511751,[[[0.05653221]]]
ILSVRC2012_val_00017878.png,39.887005,0.9832858860090664,[[[0.05578631]]]
ILSVRC2012_val_00017921.png,36.99245,0.9800270039880254,[[[0.05581653]]]
ILSVRC2012_val_00018018.png,33.94112,0.9149958394753823,[[[0.12159164]]]
ILSVRC2012_val_00018062.png,33.897423,0.9647192807178198,[[[0.05005084]]]
ILSVRC2012_val_00018078.png,33.258957,0.9774252462544736,[[[0.03636871]]]
ILSVRC2012_val_00018130.png,33.497307,0.9674410458324931,[[[0.04168889]]]
ILSVRC2012_val_00018160.png,34.06888,0.9787145501699346,[[[0.0523435]]]
ILSVRC2012_val_00018201.png,30.833303,0.9601842077508705,[[[0.06372556]]]
ILSVRC2012_val_00018262.png,38.236244,0.9838800501431579,[[[0.03085994]]]
ILSVRC2012_val_00018263.png,35.105957,0.9686536054705746,[[[0.0794117]]]
ILSVRC2012_val_00018339.png,31.313862,0.936363731265273,[[[0.11765367]]]
ILSVRC2012_val_00018393.png,38.48929,0.9613455161797998,[[[0.13792187]]]
ILSVRC2012_val_00018481.png,31.476189,0.9455278340189793,[[[0.07824775]]]
ILSVRC2012_val_00018512.png,29.896816,0.9678027340477513,[[[0.06373787]]]
ILSVRC2012_val_00018543.png,38.16334,0.9915834158392515,[[[0.01461406]]]
ILSVRC2012_val_00018660.png,32.78805,0.9614426597665948,[[[0.01401017]]]
ILSVRC2012_val_00018666.png,30.914207,0.9623067455866507,[[[0.05366765]]]
ILSVRC2012_val_00018754.png,36.345463,0.974519350289275,[[[0.02697597]]]
ILSVRC2012_val_00018767.png,33.970695,0.9453690136230235,[[[0.07063584]]]
ILSVRC2012_val_00018785.png,31.718334,0.9769302602263077,[[[0.03854057]]]
ILSVRC2012_val_00018811.png,36.903404,0.9684225555024701,[[[0.07402486]]]
ILSVRC2012_val_00018840.png,31.999538,0.9529046623988437,[[[0.04735474]]]
ILSVRC2012_val_00018880.png,32.116985,0.9612325871359703,[[[0.08078475]]]
ILSVRC2012_val_00019040.png,33.940807,0.9464229909565581,[[[0.03503346]]]
ILSVRC2012_val_00019084.png,30.171087,0.9483940740044359,[[[0.05834219]]]
ILSVRC2012_val_00019087.png,31.470013,0.9657563767762352,[[[0.02239353]]]
ILSVRC2012_val_00019216.png,33.92197,0.9495580895834729,[[[0.0693704]]]
ILSVRC2012_val_00019413.png,32.69482,0.95655241039487,[[[0.05200597]]]
ILSVRC2012_val_00019422.png,33.239006,0.9422989045314025,[[[0.05347966]]]
ILSVRC2012_val_00019488.png,33.78528,0.9309542632209216,[[[0.07771824]]]
ILSVRC2012_val_00019545.png,35.256416,0.960957595715845,[[[0.07461864]]]
ILSVRC2012_val_00019578.png,35.814175,0.9615425538078967,[[[0.08505402]]]
ILSVRC2012_val_00019606.png,33.384663,0.9687310430903663,[[[0.03947575]]]
ILSVRC2012_val_00019636.png,36.342873,0.9578374086726755,[[[0.08484067]]]
ILSVRC2012_val_00019740.png,29.35991,0.953698700417858,[[[0.10349525]]]
ILSVRC2012_val_00019743.png,37.812973,0.9701944389124655,[[[0.08910412]]]
ILSVRC2012_val_00019745.png,35.453037,0.9521590601980233,[[[0.11399161]]]
ILSVRC2012_val_00019848.png,33.69636,0.9507576415164853,[[[0.03958752]]]
ILSVRC2012_val_00019976.png,36.34607,0.9677120703460143,[[[0.0751259]]]
ILSVRC2012_val_00020154.png,35.32071,0.9678330042384015,[[[0.04826357]]]
ILSVRC2012_val_00020231.png,30.50898,0.9629710892306715,[[[0.0505399]]]
ILSVRC2012_val_00020253.png,34.620438,0.9556732828862917,[[[0.03832157]]]
ILSVRC2012_val_00020290.png,33.306538,0.9714057271649367,[[[0.04279079]]]
ILSVRC2012_val_00020380.png,34.32867,0.9670149557461404,[[[0.04085203]]]
ILSVRC2012_val_00020554.png,34.11557,0.9373145071177451,[[[0.06023315]]]
ILSVRC2012_val_00020586.png,27.550879,0.961513665048773,[[[0.05310075]]]
ILSVRC2012_val_00020613.png,33.987606,0.9612290225539586,[[[0.06510478]]]
ILSVRC2012_val_00020625.png,30.138819,0.9588765706431357,[[[0.06127471]]]
ILSVRC2012_val_00020659.png,29.25248,0.9625037250683139,[[[0.04104561]]]
ILSVRC2012_val_00020683.png,33.93829,0.9702267771126912,[[[0.11224274]]]
ILSVRC2012_val_00020687.png,30.79485,0.9698934205081925,[[[0.07342321]]]
ILSVRC2012_val_00020706.png,30.191185,0.950414512335105,[[[0.05692557]]]
ILSVRC2012_val_00020747.png,34.72219,0.9582355033711224,[[[0.05874458]]]
ILSVRC2012_val_00020764.png,33.733856,0.9450634135031827,[[[0.11432292]]]
ILSVRC2012_val_00020834.png,30.272902,0.9432911788160533,[[[0.0528771]]]
ILSVRC2012_val_00020845.png,34.708496,0.9462167149788825,[[[0.05326436]]]
ILSVRC2012_val_00020863.png,33.218063,0.9258417640750349,[[[0.06965721]]]
ILSVRC2012_val_00020901.png,37.085217,0.9636225573440994,[[[0.0876418]]]
ILSVRC2012_val_00020916.png,33.19939,0.94973717153314,[[[0.12772354]]]
ILSVRC2012_val_00020929.png,32.530075,0.9688831947534491,[[[0.06092675]]]
ILSVRC2012_val_00021054.png,31.227768,0.9539442008612122,[[[0.05176697]]]
ILSVRC2012_val_00021069.png,36.19752,0.9757985630136659,[[[0.04642146]]]
ILSVRC2012_val_00021133.png,32.896477,0.9467857910640834,[[[0.10285877]]]
ILSVRC2012_val_00021139.png,29.655033,0.9620569974229024,[[[0.07504351]]]
ILSVRC2012_val_00021141.png,32.31605,0.9535518379027726,[[[0.06697187]]]
ILSVRC2012_val_00021236.png,36.974365,0.948110225404307,[[[0.21034366]]]
ILSVRC2012_val_00021329.png,31.63864,0.9712009892559862,[[[0.03416414]]]
ILSVRC2012_val_00021335.png,31.250275,0.9564727042741804,[[[0.12056208]]]
ILSVRC2012_val_00021411.png,32.602833,0.9599431037260844,[[[0.08677007]]]
ILSVRC2012_val_00021424.png,37.102318,0.9637961888312735,[[[0.04755464]]]
ILSVRC2012_val_00021460.png,29.06748,0.9475045090127707,[[[0.06211925]]]
ILSVRC2012_val_00021497.png,33.268528,0.959201131457249,[[[0.04469059]]]
ILSVRC2012_val_00021543.png,35.934853,0.9718045829198247,[[[0.03969884]]]
ILSVRC2012_val_00021611.png,29.10318,0.9627500286340624,[[[0.05391944]]]
ILSVRC2012_val_00021712.png,35.487053,0.9865153263653763,[[[0.02804479]]]
ILSVRC2012_val_00021807.png,31.972769,0.9888579408450501,[[[0.04714774]]]
ILSVRC2012_val_00021831.png,33.47967,0.9490687027728396,[[[0.03970072]]]
ILSVRC2012_val_00021838.png,31.670866,0.9644889921887472,[[[0.03922565]]]
ILSVRC2012_val_00021923.png,36.86988,0.9843400008357438,[[[0.08374941]]]
ILSVRC2012_val_00022052.png,30.653042,0.975532982041134,[[[0.04063401]]]
ILSVRC2012_val_00022212.png,34.092068,0.9553957394785896,[[[0.09303138]]]
ILSVRC2012_val_00022216.png,32.133636,0.9828014824752148,[[[0.04875983]]]
ILSVRC2012_val_00022282.png,34.65387,0.9598928333423598,[[[0.12951183]]]
ILSVRC2012_val_00022290.png,34.916283,0.9566292013036073,[[[0.11831936]]]
ILSVRC2012_val_00022353.png,30.14114,0.9546827057357714,[[[0.10226354]]]
ILSVRC2012_val_00022466.png,33.85315,0.9679915003622745,[[[0.05788619]]]
ILSVRC2012_val_00022513.png,30.997684,0.9607961016312612,[[[0.03060172]]]
ILSVRC2012_val_00022518.png,36.007008,0.9734606041650422,[[[0.05314566]]]
ILSVRC2012_val_00022522.png,33.8885,0.9532525065563663,[[[0.05526087]]]
ILSVRC2012_val_00022541.png,24.237953,0.9601826202303612,[[[0.08078281]]]
ILSVRC2012_val_00022545.png,32.539127,0.9827488165399118,[[[0.01927253]]]
ILSVRC2012_val_00022641.png,33.356606,0.9745756995164117,[[[0.01874845]]]
ILSVRC2012_val_00022684.png,34.704987,0.9727374506973827,[[[0.03672651]]]
ILSVRC2012_val_00022704.png,31.846888,0.9575739688490276,[[[0.06628153]]]
ILSVRC2012_val_00022709.png,31.566122,0.9556765705663667,[[[0.02927698]]]
ILSVRC2012_val_00022716.png,37.589954,0.9684757562835371,[[[0.04262717]]]
ILSVRC2012_val_00022723.png,34.75514,0.9533260161378289,[[[0.06293602]]]
ILSVRC2012_val_00022837.png,30.34797,0.959768980527003,[[[0.04222123]]]
ILSVRC2012_val_00022882.png,34.73485,0.9562423784317153,[[[0.04445032]]]
ILSVRC2012_val_00022885.png,33.770226,0.9748399283692538,[[[0.07319473]]]
ILSVRC2012_val_00022963.png,31.659899,0.9640213689343147,[[[0.03626414]]]
ILSVRC2012_val_00023030.png,31.933224,0.9648809107304948,[[[0.06115799]]]
ILSVRC2012_val_00023038.png,31.595417,0.9649796241410333,[[[0.03558607]]]
ILSVRC2012_val_00023104.png,30.553791,0.960831282533895,[[[0.04274528]]]
ILSVRC2012_val_00023240.png,32.02461,0.9412169522193798,[[[0.05238545]]]
ILSVRC2012_val_00023243.png,35.513653,0.9875700336141893,[[[0.0353301]]]
ILSVRC2012_val_00023269.png,30.884369,0.9643126666659589,[[[0.03704732]]]
ILSVRC2012_val_00023308.png,33.143566,0.9571814686624487,[[[0.04061671]]]
ILSVRC2012_val_00023344.png,34.988808,0.9521408631029266,[[[0.07693236]]]
ILSVRC2012_val_00023361.png,36.08811,0.9584455357252876,[[[0.05066778]]]
ILSVRC2012_val_00023439.png,28.536694,0.9720267041102018,[[[0.02183476]]]
ILSVRC2012_val_00023463.png,33.86815,0.9648242645899358,[[[0.0725383]]]
ILSVRC2012_val_00023547.png,33.282684,0.9414843910251282,[[[0.04427071]]]
ILSVRC2012_val_00023669.png,28.53223,0.968417597133146,[[[0.04002983]]]
ILSVRC2012_val_00023676.png,31.686306,0.9754231914506113,[[[0.0589444]]]
ILSVRC2012_val_00023784.png,31.776754,0.9606906502396423,[[[0.0324539]]]
ILSVRC2012_val_00023797.png,38.62692,0.9917681559885584,[[[0.01225169]]]
ILSVRC2012_val_00023831.png,29.546421,0.9600571896361362,[[[0.04359737]]]
ILSVRC2012_val_00023902.png,35.460693,0.9782940712418615,[[[0.04436519]]]
ILSVRC2012_val_00023949.png,33.285683,0.9323237111674939,[[[0.0859346]]]
ILSVRC2012_val_00024003.png,32.27718,0.9238829518196195,[[[0.02413615]]]
ILSVRC2012_val_00024052.png,31.769382,0.9737655402480448,[[[0.0304763]]]
ILSVRC2012_val_00024083.png,27.999203,0.9620415790591395,[[[0.03062293]]]
ILSVRC2012_val_00024125.png,36.0161,0.9800958346663199,[[[0.04997547]]]
ILSVRC2012_val_00024146.png,30.735611,0.9705054760867008,[[[0.04303652]]]
ILSVRC2012_val_00024236.png,31.521664,0.9681404820680628,[[[0.02618296]]]
ILSVRC2012_val_00024596.png,30.766365,0.9537977950697845,[[[0.0215694]]]
ILSVRC2012_val_00024697.png,29.570583,0.9526956686352989,[[[0.03756349]]]
ILSVRC2012_val_00024766.png,38.452496,0.9759602019390669,[[[0.060493]]]
ILSVRC2012_val_00024804.png,31.460209,0.9375233570153496,[[[0.06766782]]]
ILSVRC2012_val_00024938.png,34.120758,0.965381978238242,[[[0.07517209]]]
ILSVRC2012_val_00025001.png,37.735737,0.9778534692457608,[[[0.03183601]]]
ILSVRC2012_val_00025072.png,39.851307,0.9911781376586158,[[[0.01105388]]]
ILSVRC2012_val_00025079.png,32.78005,0.958527140194236,[[[0.04066326]]]
ILSVRC2012_val_00025165.png,29.207075,0.9646433477140794,[[[0.03847501]]]
ILSVRC2012_val_00025191.png,28.915426,0.9609473021695595,[[[0.03634166]]]
ILSVRC2012_val_00025296.png,32.2229,0.9809269458117188,[[[0.04759644]]]
ILSVRC2012_val_00025301.png,46.47908,0.9975920417057609,[[[0.00539855]]]
ILSVRC2012_val_00025318.png,37.271503,0.9973648188091222,[[[0.0024643]]]
ILSVRC2012_val_00025385.png,30.083303,0.9709093192329987,[[[0.03346735]]]
ILSVRC2012_val_00025432.png,32.899323,0.9565248929247722,[[[0.08437055]]]
ILSVRC2012_val_00025466.png,31.630547,0.9180601043310898,[[[0.09281517]]]
ILSVRC2012_val_00025523.png,37.207664,0.9709928939705487,[[[0.05237319]]]
ILSVRC2012_val_00025633.png,34.59861,0.978769132110484,[[[0.04059045]]]
ILSVRC2012_val_00025668.png,34.793484,0.9806265760278088,[[[0.05292699]]]
ILSVRC2012_val_00025742.png,31.633291,0.9807832570988855,[[[0.02794073]]]
ILSVRC2012_val_00025755.png,27.98201,0.982124751835161,[[[0.03219945]]]
ILSVRC2012_val_00025803.png,32.559067,0.9667303455898901,[[[0.07961582]]]
ILSVRC2012_val_00025820.png,33.629078,0.9494041416260053,[[[0.04602504]]]
ILSVRC2012_val_00025860.png,34.03934,0.9494328772160578,[[[0.05961246]]]
ILSVRC2012_val_00025913.png,33.092304,0.9735304251357209,[[[0.03494958]]]
ILSVRC2012_val_00025920.png,30.119047,0.9688609042128894,[[[0.04100277]]]
ILSVRC2012_val_00025941.png,35.046772,0.9770061938988903,[[[0.05058984]]]
ILSVRC2012_val_00025971.png,29.65989,0.9736254002824029,[[[0.03124399]]]
ILSVRC2012_val_00026007.png,36.86509,0.985263041963233,[[[0.05492755]]]
ILSVRC2012_val_00026059.png,32.33943,0.9390224215895765,[[[0.03843015]]]
ILSVRC2012_val_00026191.png,34.047745,0.9491369361977721,[[[0.20398727]]]
ILSVRC2012_val_00026213.png,29.404947,0.9848716533975425,[[[0.02385455]]]
ILSVRC2012_val_00026267.png,35.447945,0.9506091162345054,[[[0.06484964]]]
ILSVRC2012_val_00026310.png,36.711784,0.9583541998301651,[[[0.12285547]]]
ILSVRC2012_val_00026461.png,27.917404,0.9606178573861658,[[[0.08494382]]]
ILSVRC2012_val_00026497.png,29.871258,0.9469485931817601,[[[0.04503267]]]
ILSVRC2012_val_00026579.png,35.576294,0.9667447174481306,[[[0.04853805]]]
ILSVRC2012_val_00026651.png,32.57249,0.9440869267723089,[[[0.04674074]]]
ILSVRC2012_val_00026675.png,33.614487,0.9626592107872721,[[[0.02108745]]]
ILSVRC2012_val_00026692.png,34.78623,0.9634765881838506,[[[0.05943021]]]
ILSVRC2012_val_00026724.png,33.084103,0.9592024744558939,[[[0.04359556]]]
ILSVRC2012_val_00026794.png,31.267906,0.9729652118215075,[[[0.06892602]]]
ILSVRC2012_val_00026875.png,35.475037,0.9465409549651773,[[[0.06705539]]]
ILSVRC2012_val_00027015.png,30.057018,0.951553290747089,[[[0.04326665]]]
ILSVRC2012_val_00027077.png,36.816753,0.9512029129610919,[[[0.07862251]]]
ILSVRC2012_val_00027091.png,31.39938,0.9548485713045007,[[[0.0510389]]]
ILSVRC2012_val_00027094.png,40.831966,0.9835077242157501,[[[0.06610693]]]
ILSVRC2012_val_00027102.png,32.785896,0.9671270447194226,[[[0.06896836]]]
ILSVRC2012_val_00027134.png,31.498959,0.9472764670828128,[[[0.04624924]]]
ILSVRC2012_val_00027388.png,31.763035,0.966667491331375,[[[0.04319622]]]
ILSVRC2012_val_00027406.png,33.85735,0.9756393954303328,[[[0.02010714]]]
ILSVRC2012_val_00027431.png,34.129833,0.9666092172167278,[[[0.03052504]]]
ILSVRC2012_val_00027480.png,30.444538,0.9630472534648911,[[[0.03375956]]]
ILSVRC2012_val_00027490.png,39.72836,0.980996099965015,[[[0.02775693]]]
ILSVRC2012_val_00027512.png,41.63305,0.9796970877751889,[[[0.05242578]]]
ILSVRC2012_val_00027519.png,32.78631,0.9638212551945317,[[[0.05009959]]]
ILSVRC2012_val_00027552.png,32.242657,0.9348493391935164,[[[0.13332494]]]
ILSVRC2012_val_00027627.png,33.82179,0.9677402154853741,[[[0.0525271]]]
ILSVRC2012_val_00027809.png,35.62059,0.9624618961196708,[[[0.11364627]]]
ILSVRC2012_val_00027869.png,30.069597,0.9585197774429842,[[[0.08897269]]]
ILSVRC2012_val_00027872.png,31.937061,0.9452924100418874,[[[0.0332426]]]
ILSVRC2012_val_00027885.png,36.90903,0.9783394419914051,[[[0.03305043]]]
ILSVRC2012_val_00027895.png,37.63225,0.9840884074733904,[[[0.03365701]]]
ILSVRC2012_val_00027902.png,32.13363,0.9809598798266965,[[[0.05533871]]]
ILSVRC2012_val_00027908.png,31.225252,0.9337351787182516,[[[0.11790511]]]
ILSVRC2012_val_00027909.png,32.33703,0.9590657305870872,[[[0.07352769]]]
ILSVRC2012_val_00028041.png,30.124414,0.9487362773282247,[[[0.09753434]]]
ILSVRC2012_val_00028042.png,38.50077,0.9859434285449978,[[[0.02495833]]]
ILSVRC2012_val_00028113.png,30.838913,0.9370538895096895,[[[0.02935276]]]
ILSVRC2012_val_00028126.png,33.675957,0.976618059988028,[[[0.04771078]]]
ILSVRC2012_val_00028149.png,37.860367,0.9601222072576819,[[[0.13638629]]]
ILSVRC2012_val_00028351.png,31.510212,0.9496051479264784,[[[0.04552814]]]
ILSVRC2012_val_00028352.png,34.77001,0.9812331038917665,[[[0.02863301]]]
ILSVRC2012_val_00028365.png,31.640474,0.9528087368793925,[[[0.0424026]]]
ILSVRC2012_val_00028400.png,33.579098,0.9595451111807632,[[[0.12955953]]]
ILSVRC2012_val_00028471.png,33.56081,0.9562575656211627,[[[0.05783296]]]
ILSVRC2012_val_00028545.png,34.6018,0.9398270861133469,[[[0.14259216]]]
ILSVRC2012_val_00028600.png,31.180809,0.9714986881616502,[[[0.04797031]]]
ILSVRC2012_val_00028669.png,31.456326,0.9630139323461838,[[[0.06202238]]]
ILSVRC2012_val_00028844.png,32.990242,0.9572724720271127,[[[0.04941322]]]
ILSVRC2012_val_00029044.png,30.841263,0.9539477515505168,[[[0.03291871]]]
ILSVRC2012_val_00029116.png,30.88927,0.9721340053561616,[[[0.02910927]]]
ILSVRC2012_val_00029166.png,33.124893,0.9630055524850318,[[[0.0555795]]]
ILSVRC2012_val_00029213.png,30.094492,0.9572577141671964,[[[0.0480359]]]
ILSVRC2012_val_00029276.png,44.963413,0.9912863016917958,[[[0.04603539]]]
ILSVRC2012_val_00029380.png,31.556118,0.9636972885914158,[[[0.03998373]]]
ILSVRC2012_val_00029497.png,36.45042,0.9803358513020505,[[[0.03514092]]]
ILSVRC2012_val_00029591.png,37.00852,0.9631058989155942,[[[0.08186743]]]
ILSVRC2012_val_00029613.png,36.812325,0.9634116467000987,[[[0.01958659]]]
ILSVRC2012_val_00029666.png,33.10997,0.9471058269589638,[[[0.04938927]]]
ILSVRC2012_val_00029727.png,33.217636,0.9665550013230669,[[[0.0564871]]]
ILSVRC2012_val_00029731.png,29.442654,0.9674583733657623,[[[0.07753762]]]
ILSVRC2012_val_00029771.png,30.707882,0.9570619501276327,[[[0.03238645]]]
ILSVRC2012_val_00029824.png,32.7921,0.9641768696876905,[[[0.05462275]]]
ILSVRC2012_val_00029836.png,31.577324,0.919363551229475,[[[0.07164558]]]
ILSVRC2012_val_00029871.png,33.606018,0.9589877361663788,[[[0.04273113]]]
ILSVRC2012_val_00029956.png,36.5478,0.9753072354079753,[[[0.02523442]]]
ILSVRC2012_val_00029973.png,35.45764,0.9542276476160949,[[[0.04050241]]]
ILSVRC2012_val_00030002.png,36.313152,0.9676468644581171,[[[0.02928149]]]
ILSVRC2012_val_00030010.png,33.147503,0.9605970336194286,[[[0.08326408]]]
ILSVRC2012_val_00030065.png,33.033485,0.9721747434925507,[[[0.0690208]]]
ILSVRC2012_val_00030180.png,31.567375,0.978341351043653,[[[0.02412115]]]
ILSVRC2012_val_00030342.png,29.047697,0.9658641439789902,[[[0.05508284]]]
ILSVRC2012_val_00030410.png,34.427486,0.947778915483357,[[[0.07854229]]]
ILSVRC2012_val_00030523.png,31.48785,0.9192466919589477,[[[0.10047951]]]
ILSVRC2012_val_00030585.png,39.364834,0.9869510125736712,[[[0.0425859]]]
ILSVRC2012_val_00030588.png,36.26806,0.9823501014102476,[[[0.03361303]]]
ILSVRC2012_val_00030620.png,47.60382,0.9969556146539233,[[[0.00374594]]]
ILSVRC2012_val_00030713.png,35.07461,0.9678142497782152,[[[0.12222308]]]
ILSVRC2012_val_00030723.png,27.918972,0.9634649554446513,[[[0.06108078]]]
ILSVRC2012_val_00030746.png,33.22282,0.9493127765765179,[[[0.06229546]]]
ILSVRC2012_val_00030760.png,30.990107,0.9611478394375261,[[[0.03786102]]]
ILSVRC2012_val_00030763.png,31.02336,0.9426382815631577,[[[0.14211357]]]
ILSVRC2012_val_00030840.png,29.808937,0.9568410910706787,[[[0.05645774]]]
ILSVRC2012_val_00030865.png,37.133545,0.9731852166074949,[[[0.11769808]]]
ILSVRC2012_val_00030910.png,36.005836,0.9883593331619849,[[[0.03631536]]]
ILSVRC2012_val_00030946.png,37.226254,0.9874938632687784,[[[0.02847368]]]
ILSVRC2012_val_00030977.png,32.6682,0.9632350618615401,[[[0.11730281]]]
ILSVRC2012_val_00030986.png,33.4258,0.9690091168469464,[[[0.05897947]]]
ILSVRC2012_val_00031022.png,33.501823,0.9601084968760094,[[[0.10896089]]]
ILSVRC2012_val_00031137.png,37.561245,0.9736771000380331,[[[0.06860057]]]
ILSVRC2012_val_00031144.png,33.006157,0.955800323659581,[[[0.04626255]]]
ILSVRC2012_val_00031165.png,28.701838,0.9684641588291354,[[[0.0486976]]]
ILSVRC2012_val_00031302.png,30.126581,0.977684956920501,[[[0.0238907]]]
ILSVRC2012_val_00031329.png,31.207603,0.9512164783747525,[[[0.05766794]]]
ILSVRC2012_val_00031366.png,30.74287,0.9645976482929729,[[[0.07979479]]]
ILSVRC2012_val_00031484.png,34.129826,0.9531742176864093,[[[0.04890619]]]
ILSVRC2012_val_00031510.png,31.882805,0.9514745937820356,[[[0.04058994]]]
ILSVRC2012_val_00031637.png,32.910908,0.9656218337265221,[[[0.05620857]]]
ILSVRC2012_val_00031669.png,33.19209,0.9591436281447104,[[[0.04665404]]]
ILSVRC2012_val_00031717.png,31.489573,0.9635422697202926,[[[0.03720924]]]
ILSVRC2012_val_00031816.png,30.75402,0.9537077626640994,[[[0.06023815]]]
ILSVRC2012_val_00031868.png,37.688812,0.9631821635444917,[[[0.0469129]]]
ILSVRC2012_val_00031890.png,32.907337,0.9515006480679652,[[[0.0454988]]]
ILSVRC2012_val_00031921.png,34.275635,0.9655570665851896,[[[0.04679998]]]
ILSVRC2012_val_00032015.png,30.346691,0.9684335059695092,[[[0.0931615]]]
ILSVRC2012_val_00032061.png,33.20828,0.9703291016485402,[[[0.01990506]]]
ILSVRC2012_val_00032129.png,35.516605,0.981993410317228,[[[0.02630408]]]
ILSVRC2012_val_00032183.png,30.916922,0.9616974411924202,[[[0.03580395]]]
ILSVRC2012_val_00032184.png,31.203384,0.9600748639173428,[[[0.07996145]]]
ILSVRC2012_val_00032322.png,31.551598,0.9543659856296208,[[[0.02994138]]]
ILSVRC2012_val_00032363.png,32.696262,0.967741797834792,[[[0.06598933]]]
ILSVRC2012_val_00032404.png,37.9515,0.9820761682216171,[[[0.04315861]]]
ILSVRC2012_val_00032493.png,34.91069,0.9475015461738239,[[[0.11367203]]]
ILSVRC2012_val_00032620.png,33.877098,0.9781194088949452,[[[0.06268573]]]
ILSVRC2012_val_00032695.png,33.185112,0.9632666644029798,[[[0.02776442]]]
ILSVRC2012_val_00032775.png,30.641037,0.9612918787584959,[[[0.04667275]]]
ILSVRC2012_val_00032776.png,33.65102,0.9589894272863944,[[[0.09885509]]]
ILSVRC2012_val_00032796.png,32.0614,0.9540233893400963,[[[0.0829505]]]
ILSVRC2012_val_00032802.png,32.680878,0.9014843652467559,[[[0.18588094]]]
ILSVRC2012_val_00032826.png,33.593224,0.9712237429517493,[[[0.07531699]]]
ILSVRC2012_val_00032856.png,34.853252,0.976679221157865,[[[0.08477016]]]
ILSVRC2012_val_00032875.png,31.406525,0.953062965832346,[[[0.06913403]]]
ILSVRC2012_val_00032916.png,34.844566,0.9568273547701468,[[[0.10007997]]]
ILSVRC2012_val_00033015.png,27.87687,0.9641337729674169,[[[0.04575272]]]
ILSVRC2012_val_00033060.png,31.599552,0.9554753156443468,[[[0.07214513]]]
ILSVRC2012_val_00033063.png,31.476603,0.969459518066942,[[[0.08005331]]]
ILSVRC2012_val_00033082.png,30.407421,0.97209492074548,[[[0.07254862]]]
ILSVRC2012_val_00033112.png,31.49638,0.9234665757743077,[[[0.07144812]]]
ILSVRC2012_val_00033134.png,30.515738,0.9777969337298983,[[[0.02919741]]]
ILSVRC2012_val_00033235.png,40.695873,0.9809126296412837,[[[0.06974844]]]
ILSVRC2012_val_00033302.png,32.141396,0.9708043159824314,[[[0.05227315]]]
ILSVRC2012_val_00033342.png,30.14914,0.9415830618117232,[[[0.06819494]]]
ILSVRC2012_val_00033352.png,37.069603,0.9785733031556151,[[[0.04154512]]]
ILSVRC2012_val_00033353.png,38.17846,0.9839396056293409,[[[0.01894607]]]
ILSVRC2012_val_00033531.png,30.346138,0.9452496377514331,[[[0.05576373]]]
ILSVRC2012_val_00033644.png,32.132652,0.9729764429846429,[[[0.07933197]]]
ILSVRC2012_val_00033665.png,33.984184,0.9497097017444788,[[[0.07306571]]]
ILSVRC2012_val_00033832.png,31.720064,0.9483559689281551,[[[0.05312923]]]
ILSVRC2012_val_00033845.png,30.975979,0.9762968579240706,[[[0.03591411]]]
ILSVRC2012_val_00033861.png,35.658943,0.972850154316631,[[[0.08413228]]]
ILSVRC2012_val_00033863.png,34.392292,0.9655558073543381,[[[0.04423727]]]
ILSVRC2012_val_00033953.png,29.839132,0.9570603703196779,[[[0.05141207]]]
ILSVRC2012_val_00033960.png,30.690203,0.9609448954052815,[[[0.04928225]]]
ILSVRC2012_val_00034086.png,33.37901,0.9580188739676749,[[[0.07886797]]]
ILSVRC2012_val_00034099.png,39.451878,0.9954997035455557,[[[0.00604623]]]
ILSVRC2012_val_00034169.png,36.718616,0.9798890561285369,[[[0.03137463]]]
ILSVRC2012_val_00034171.png,31.234896,0.967973927884738,[[[0.03825823]]]
ILSVRC2012_val_00034173.png,33.168682,0.9784131673461177,[[[0.01716075]]]
ILSVRC2012_val_00034184.png,32.032574,0.9654474103188552,[[[0.02818399]]]
ILSVRC2012_val_00034226.png,34.924435,0.9649908455133636,[[[0.05617663]]]
ILSVRC2012_val_00034383.png,31.275005,0.9661952381097978,[[[0.07950418]]]
ILSVRC2012_val_00034405.png,35.45792,0.9536080787263855,[[[0.03003332]]]
ILSVRC2012_val_00034524.png,32.0058,0.9577768532117381,[[[0.05431585]]]
ILSVRC2012_val_00034527.png,32.844337,0.9453402215196722,[[[0.07248653]]]
ILSVRC2012_val_00034531.png,33.125366,0.9716584302533032,[[[0.05803065]]]
ILSVRC2012_val_00034549.png,29.392988,0.9580269224657019,[[[0.03377765]]]
ILSVRC2012_val_00034562.png,31.97322,0.9483556044754885,[[[0.04793642]]]
ILSVRC2012_val_00034593.png,32.194336,0.9559946970759782,[[[0.05914308]]]
ILSVRC2012_val_00034640.png,31.10738,0.9551533090171841,[[[0.04710879]]]
ILSVRC2012_val_00034661.png,31.182167,0.9492628887296065,[[[0.04845272]]]
ILSVRC2012_val_00034683.png,31.765852,0.9690290119348639,[[[0.02306471]]]
ILSVRC2012_val_00034724.png,30.801714,0.9482849030366074,[[[0.08003116]]]
ILSVRC2012_val_00034855.png,38.618477,0.9888171247631499,[[[0.02455972]]]
ILSVRC2012_val_00034861.png,32.43611,0.9635986290476355,[[[0.06706031]]]
ILSVRC2012_val_00034865.png,36.939064,0.9702121856382456,[[[0.03044112]]]
ILSVRC2012_val_00034997.png,31.518728,0.9628486320336956,[[[0.03440243]]]
ILSVRC2012_val_00035027.png,33.591316,0.9409678339514478,[[[0.04120275]]]
ILSVRC2012_val_00035098.png,34.44136,0.9663424226860532,[[[0.07939906]]]
ILSVRC2012_val_00035122.png,32.921978,0.9597092208073993,[[[0.04224212]]]
ILSVRC2012_val_00035159.png,33.41691,0.9619283002745761,[[[0.05409607]]]
ILSVRC2012_val_00035198.png,31.585968,0.9570072257431969,[[[0.07317808]]]
ILSVRC2012_val_00035260.png,41.790268,0.9933242014325977,[[[0.01165023]]]
ILSVRC2012_val_00035290.png,34.771416,0.9643144096404714,[[[0.02662349]]]
ILSVRC2012_val_00035340.png,35.95246,0.9838283026426777,[[[0.02485537]]]
ILSVRC2012_val_00035384.png,35.154984,0.9320183489363132,[[[0.07172281]]]
ILSVRC2012_val_00035400.png,42.168015,0.9967370533092905,[[[0.00388501]]]
ILSVRC2012_val_00035423.png,37.587128,0.9698991311323127,[[[0.07156882]]]
ILSVRC2012_val_00035455.png,36.510494,0.9763993615767048,[[[0.0792703]]]
ILSVRC2012_val_00035535.png,30.73001,0.9716610859583511,[[[0.05545754]]]
ILSVRC2012_val_00035581.png,32.07805,0.9658728940309534,[[[0.05430101]]]
ILSVRC2012_val_00035588.png,33.98152,0.963780444459883,[[[0.06208259]]]
ILSVRC2012_val_00035598.png,30.448027,0.9678483346881376,[[[0.05794166]]]
ILSVRC2012_val_00035601.png,31.770905,0.9744020954767219,[[[0.06142161]]]
ILSVRC2012_val_00035608.png,34.323982,0.9697412846048588,[[[0.04438942]]]
ILSVRC2012_val_00035686.png,33.890007,0.9649426354834968,[[[0.06786635]]]
ILSVRC2012_val_00035770.png,30.89712,0.9597724418129413,[[[0.03597248]]]
ILSVRC2012_val_00035782.png,30.091595,0.9578809632321685,[[[0.0230143]]]
ILSVRC2012_val_00035830.png,37.271133,0.9783653178195559,[[[0.04552009]]]
ILSVRC2012_val_00035844.png,43.82172,0.99600970637697,[[[0.00780215]]]
ILSVRC2012_val_00035903.png,31.755028,0.9637822241081738,[[[0.03996842]]]
ILSVRC2012_val_00035934.png,33.74752,0.9677810876675249,[[[0.05615773]]]
ILSVRC2012_val_00035971.png,37.410664,0.9663204902420425,[[[0.09289657]]]
ILSVRC2012_val_00035979.png,31.41711,0.9564715723494598,[[[0.03866092]]]
ILSVRC2012_val_00035992.png,33.93138,0.9738704127640876,[[[0.0407163]]]
ILSVRC2012_val_00036085.png,33.797832,0.9643408075891765,[[[0.07699306]]]
ILSVRC2012_val_00036102.png,30.644577,0.9522740856511653,[[[0.10954259]]]
ILSVRC2012_val_00036114.png,30.24684,0.9639564230635117,[[[0.04275917]]]
ILSVRC2012_val_00036121.png,32.69785,0.959072168099576,[[[0.07272875]]]
ILSVRC2012_val_00036129.png,38.0464,0.9729727775852056,[[[0.03433575]]]
ILSVRC2012_val_00036199.png,36.132275,0.9605666339667127,[[[0.1261236]]]
ILSVRC2012_val_00036225.png,36.403233,0.9710531917672494,[[[0.0623518]]]
ILSVRC2012_val_00036328.png,41.700977,0.9877754559461911,[[[0.02428584]]]
ILSVRC2012_val_00036334.png,32.10257,0.9589462579342477,[[[0.04559629]]]
ILSVRC2012_val_00036338.png,31.713032,0.9553277781967286,[[[0.03813853]]]
ILSVRC2012_val_00036436.png,37.02096,0.9894799798947379,[[[0.02837847]]]
ILSVRC2012_val_00036443.png,39.908756,0.9830086563958679,[[[0.02842344]]]
ILSVRC2012_val_00036604.png,36.225555,0.9633900011916132,[[[0.03266078]]]
ILSVRC2012_val_00036670.png,32.087177,0.96540949350473,[[[0.06568337]]]
ILSVRC2012_val_00036706.png,31.482765,0.9395368242743687,[[[0.09902485]]]
ILSVRC2012_val_00036707.png,24.939367,0.9559597693688816,[[[0.07198983]]]
ILSVRC2012_val_00036712.png,29.56191,0.9681483551730187,[[[0.02805322]]]
ILSVRC2012_val_00036758.png,32.784393,0.9526672629999903,[[[0.04520258]]]
ILSVRC2012_val_00036816.png,27.954956,0.9700755452199362,[[[0.02175324]]]
ILSVRC2012_val_00036862.png,34.959526,0.9234917500264841,[[[0.13963787]]]
ILSVRC2012_val_00036976.png,31.270142,0.9655157382204675,[[[0.02418089]]]
ILSVRC2012_val_00037100.png,32.54118,0.9403911575004644,[[[0.06020205]]]
ILSVRC2012_val_00037220.png,33.450256,0.9300674544413574,[[[0.13462633]]]
ILSVRC2012_val_00037251.png,30.444746,0.9642796316974053,[[[0.02616662]]]
ILSVRC2012_val_00037268.png,28.943535,0.9800516967249263,[[[0.03069797]]]
ILSVRC2012_val_00037273.png,32.883896,0.9474268796690966,[[[0.09247004]]]
ILSVRC2012_val_00037281.png,29.013367,0.9648193074294772,[[[0.0467994]]]
ILSVRC2012_val_00037290.png,33.97235,0.9546484376922496,[[[0.05145961]]]
ILSVRC2012_val_00037441.png,33.359802,0.9679616339325814,[[[0.1220848]]]
ILSVRC2012_val_00037466.png,29.760178,0.9654031996473733,[[[0.05430474]]]
ILSVRC2012_val_00037503.png,40.583717,0.9948145655273812,[[[0.00871398]]]
ILSVRC2012_val_00037606.png,34.594612,0.981043809354836,[[[0.04313983]]]
ILSVRC2012_val_00037609.png,32.94853,0.9664554810040551,[[[0.03681106]]]
ILSVRC2012_val_00037703.png,35.057228,0.9627995136308715,[[[0.04125945]]]
ILSVRC2012_val_00037722.png,34.435097,0.9577504473660956,[[[0.09517479]]]
ILSVRC2012_val_00037775.png,35.108967,0.9638486757713451,[[[0.07320879]]]
ILSVRC2012_val_00037776.png,33.45608,0.9642112122049813,[[[0.05117399]]]
ILSVRC2012_val_00037856.png,30.906136,0.9628577715822227,[[[0.05377726]]]
ILSVRC2012_val_00037904.png,34.28824,0.9611809195153266,[[[0.06133252]]]
ILSVRC2012_val_00037953.png,32.078026,0.9613222013386634,[[[0.07913242]]]
ILSVRC2012_val_00038031.png,33.376938,0.9551811660061512,[[[0.0593794]]]
ILSVRC2012_val_00038038.png,31.019688,0.9795121504309574,[[[0.08825834]]]
ILSVRC2012_val_00038196.png,31.619648,0.9455938561663386,[[[0.04705591]]]
ILSVRC2012_val_00038265.png,30.733658,0.9754963878202707,[[[0.03830554]]]
ILSVRC2012_val_00038327.png,30.89985,0.9645669122165238,[[[0.03487254]]]
ILSVRC2012_val_00038329.png,33.023216,0.9662125036450988,[[[0.06358447]]]
ILSVRC2012_val_00038366.png,32.74539,0.9390447575863589,[[[0.0595806]]]
ILSVRC2012_val_00038438.png,31.797352,0.9362568713581559,[[[0.03379631]]]
ILSVRC2012_val_00038482.png,31.468391,0.9668401821274301,[[[0.04129661]]]
ILSVRC2012_val_00038578.png,30.099754,0.9560514862904013,[[[0.04526577]]]
ILSVRC2012_val_00038620.png,30.3475,0.9684776347140104,[[[0.04287707]]]
ILSVRC2012_val_00038713.png,41.657223,0.9937469386932364,[[[0.01093748]]]
ILSVRC2012_val_00038795.png,40.05978,0.9690890995252981,[[[0.11289153]]]
ILSVRC2012_val_00038856.png,33.651222,0.9672738577265594,[[[0.08867028]]]
ILSVRC2012_val_00038865.png,31.086021,0.9650854405069716,[[[0.02671297]]]
ILSVRC2012_val_00038949.png,30.317593,0.9563090976316015,[[[0.04672316]]]
ILSVRC2012_val_00039048.png,30.649399,0.9539388442111797,[[[0.06221419]]]
ILSVRC2012_val_00039098.png,35.89044,0.9510159596241741,[[[0.08808474]]]
ILSVRC2012_val_00039124.png,33.42077,0.9394716943197433,[[[0.04402555]]]
ILSVRC2012_val_00039193.png,37.493004,0.9693703765431685,[[[0.04014395]]]
ILSVRC2012_val_00039251.png,33.11596,0.9546808038784775,[[[0.0695799]]]
ILSVRC2012_val_00039282.png,34.550323,0.9776256214328238,[[[0.06904491]]]
ILSVRC2012_val_00039364.png,35.702747,0.9624762624448872,[[[0.0411139]]]
ILSVRC2012_val_00039373.png,30.505116,0.9512253104727989,[[[0.05212365]]]
ILSVRC2012_val_00039465.png,31.903442,0.9689887318035632,[[[0.11830147]]]
ILSVRC2012_val_00039475.png,30.663006,0.9598820563254724,[[[0.08233654]]]
ILSVRC2012_val_00039548.png,30.870314,0.9475721349521204,[[[0.06626534]]]
ILSVRC2012_val_00039575.png,29.371235,0.9626696819060099,[[[0.10049064]]]
ILSVRC2012_val_00039616.png,33.026367,0.9625050466891371,[[[0.05364382]]]
ILSVRC2012_val_00039678.png,31.460297,0.9404455499113361,[[[0.04468333]]]
ILSVRC2012_val_00039722.png,34.327816,0.9647029238764966,[[[0.04912406]]]
ILSVRC2012_val_00039748.png,35.00662,0.9630747907480808,[[[0.03655163]]]
ILSVRC2012_val_00039749.png,33.385696,0.9562529203662522,[[[0.12612051]]]
ILSVRC2012_val_00039851.png,34.59069,0.9498423687891709,[[[0.05212646]]]
ILSVRC2012_val_00039888.png,36.922096,0.9656393803541099,[[[0.09511414]]]
ILSVRC2012_val_00039934.png,31.042814,0.930450894536575,[[[0.05909718]]]
ILSVRC2012_val_00040013.png,35.901596,0.9490378279834378,[[[0.05460588]]]
ILSVRC2012_val_00040142.png,32.2849,0.9643733893283308,[[[0.04136302]]]
ILSVRC2012_val_00040144.png,29.98981,0.9470233713882046,[[[0.05368169]]]
ILSVRC2012_val_00040145.png,31.102657,0.9665776363574449,[[[0.07126251]]]
ILSVRC2012_val_00040193.png,33.344967,0.9799094351558839,[[[0.03336164]]]
ILSVRC2012_val_00040203.png,33.22373,0.9663446572412808,[[[0.07360719]]]
ILSVRC2012_val_00040236.png,29.381124,0.9595312860442302,[[[0.05422451]]]
ILSVRC2012_val_00040336.png,34.34611,0.965764877082528,[[[0.03336595]]]
ILSVRC2012_val_00040352.png,33.5139,0.9492231594604295,[[[0.18574439]]]
ILSVRC2012_val_00040375.png,32.938766,0.9504854079999926,[[[0.02516904]]]
ILSVRC2012_val_00040434.png,33.18425,0.9591300515306233,[[[0.0669269]]]
ILSVRC2012_val_00040610.png,33.199944,0.9665172565300951,[[[0.03487758]]]
ILSVRC2012_val_00040616.png,33.760628,0.9671696826186934,[[[0.10341565]]]
ILSVRC2012_val_00040746.png,30.422194,0.95634472098979,[[[0.02780849]]]
ILSVRC2012_val_00040758.png,28.420935,0.9726330701141693,[[[0.05006015]]]
ILSVRC2012_val_00040793.png,31.8026,0.9822168786467871,[[[0.03086544]]]
ILSVRC2012_val_00040823.png,31.717196,0.9679835071039753,[[[0.0296047]]]
ILSVRC2012_val_00040857.png,30.461504,0.9616546230730398,[[[0.02941455]]]
ILSVRC2012_val_00040900.png,32.16105,0.9600997566078185,[[[0.08193215]]]
ILSVRC2012_val_00040930.png,28.066944,0.9708469854726419,[[[0.04805427]]]
ILSVRC2012_val_00040962.png,36.52821,0.9487718246813407,[[[0.14177328]]]
ILSVRC2012_val_00041002.png,30.969896,0.9592773548077013,[[[0.05662144]]]
ILSVRC2012_val_00041058.png,30.04494,0.961492033159983,[[[0.06377641]]]
ILSVRC2012_val_00041075.png,35.456566,0.9719470211514141,[[[0.10096543]]]
ILSVRC2012_val_00041115.png,30.073183,0.9494728341049838,[[[0.04968524]]]
ILSVRC2012_val_00041132.png,30.137835,0.9635108758465555,[[[0.0320584]]]
ILSVRC2012_val_00041161.png,32.37333,0.9473397530481947,[[[0.05840942]]]
ILSVRC2012_val_00041164.png,33.247017,0.9369370915722962,[[[0.11705507]]]
ILSVRC2012_val_00041237.png,29.907547,0.951508732576122,[[[0.10730284]]]
ILSVRC2012_val_00041281.png,36.341934,0.9968742497553892,[[[0.00584886]]]
ILSVRC2012_val_00041413.png,30.888084,0.9624072964244872,[[[0.02847059]]]
ILSVRC2012_val_00041416.png,37.052788,0.9444807412435545,[[[0.0626751]]]
ILSVRC2012_val_00041426.png,34.996994,0.9775483642173817,[[[0.04127912]]]
ILSVRC2012_val_00041457.png,30.626734,0.9665392198796456,[[[0.03298894]]]
ILSVRC2012_val_00041509.png,36.179115,0.9593693814524191,[[[0.02352413]]]
ILSVRC2012_val_00041533.png,29.724754,0.9557402866587653,[[[0.02962999]]]
ILSVRC2012_val_00041592.png,35.352303,0.9145162090442407,[[[0.12899616]]]
ILSVRC2012_val_00041625.png,31.113926,0.9616536250107983,[[[0.13605736]]]
ILSVRC2012_val_00041629.png,33.103397,0.9338421031454512,[[[0.14473209]]]
ILSVRC2012_val_00041640.png,33.065056,0.9383268364685343,[[[0.08858161]]]
ILSVRC2012_val_00041659.png,32.406654,0.959416943350696,[[[0.09425528]]]
ILSVRC2012_val_00041665.png,31.65843,0.9655680544295236,[[[0.06865486]]]
ILSVRC2012_val_00041799.png,33.23273,0.9801881583474026,[[[0.03944399]]]
ILSVRC2012_val_00041810.png,32.570797,0.9512629183688018,[[[0.0811163]]]
ILSVRC2012_val_00042070.png,31.32738,0.9703296033759268,[[[0.06260016]]]
ILSVRC2012_val_00042099.png,35.739365,0.9643913945828153,[[[0.05091758]]]
ILSVRC2012_val_00042144.png,32.078316,0.9344792551552704,[[[0.05908297]]]
ILSVRC2012_val_00042183.png,34.117718,0.9765591838967984,[[[0.07652986]]]
ILSVRC2012_val_00042214.png,30.967653,0.9485612078813916,[[[0.03475366]]]
ILSVRC2012_val_00042240.png,35.816685,0.980181929432691,[[[0.05930099]]]
ILSVRC2012_val_00042321.png,31.053125,0.9521199951616226,[[[0.07642043]]]
ILSVRC2012_val_00042329.png,36.614803,0.959596488799817,[[[0.05886938]]]
ILSVRC2012_val_00042365.png,32.60017,0.9857849105469751,[[[0.02435053]]]
ILSVRC2012_val_00042378.png,28.143522,0.9736423402348163,[[[0.02397949]]]
ILSVRC2012_val_00042445.png,31.77104,0.9566452551470292,[[[0.04178973]]]
ILSVRC2012_val_00042494.png,42.070698,0.9915595369776631,[[[0.01494792]]]
ILSVRC2012_val_00042539.png,35.205307,0.9615055504564691,[[[0.0381905]]]
ILSVRC2012_val_00042542.png,34.247986,0.9611497917047187,[[[0.03587511]]]
ILSVRC2012_val_00042645.png,32.54355,0.9677323136269086,[[[0.03346135]]]
ILSVRC2012_val_00042680.png,32.638027,0.9533241441832443,[[[0.05819973]]]
ILSVRC2012_val_00042740.png,36.65574,0.9623040136733041,[[[0.04059978]]]
ILSVRC2012_val_00042781.png,35.58636,0.9404880578904913,[[[0.10917895]]]
ILSVRC2012_val_00042843.png,35.13517,0.9752019388720871,[[[0.02754679]]]
ILSVRC2012_val_00042859.png,30.974619,0.9636568268888059,[[[0.05680428]]]
ILSVRC2012_val_00042879.png,31.284832,0.9466484301061099,[[[0.07352534]]]
ILSVRC2012_val_00042880.png,35.248787,0.9743652231415626,[[[0.07782512]]]
ILSVRC2012_val_00042962.png,29.631483,0.968785276365915,[[[0.05200905]]]
ILSVRC2012_val_00043059.png,31.759176,0.96817445986115,[[[0.03526759]]]
ILSVRC2012_val_00043130.png,32.766777,0.9618606351192709,[[[0.05467577]]]
ILSVRC2012_val_00043235.png,33.496315,0.9765067148038955,[[[0.01603623]]]
ILSVRC2012_val_00043275.png,34.73381,0.9821744137114261,[[[0.0364874]]]
ILSVRC2012_val_00043284.png,32.586193,0.958590359884701,[[[0.03097914]]]
ILSVRC2012_val_00043311.png,30.988081,0.963064699920568,[[[0.06838745]]]
ILSVRC2012_val_00043312.png,31.85532,0.9673846611845113,[[[0.08003286]]]
ILSVRC2012_val_00043442.png,30.346333,0.9683120345560359,[[[0.0459499]]]
ILSVRC2012_val_00043466.png,34.994606,0.9685108930573282,[[[0.04216294]]]
ILSVRC2012_val_00043473.png,33.003258,0.9649858257565919,[[[0.05055138]]]
ILSVRC2012_val_00043518.png,32.701298,0.9758322224843666,[[[0.02543353]]]
ILSVRC2012_val_00043561.png,30.724842,0.9391763238708928,[[[0.05786917]]]
ILSVRC2012_val_00043584.png,36.72014,0.9671926590077844,[[[0.08361291]]]
ILSVRC2012_val_00043686.png,32.079628,0.9490859478752338,[[[0.04029739]]]
ILSVRC2012_val_00043774.png,33.667137,0.9390941783067147,[[[0.11389584]]]
ILSVRC2012_val_00043871.png,27.212095,0.9583233797832256,[[[0.05935955]]]
ILSVRC2012_val_00043878.png,31.028263,0.9410825792309369,[[[0.08678423]]]
ILSVRC2012_val_00043881.png,31.822197,0.9588178471738983,[[[0.07287858]]]
ILSVRC2012_val_00043883.png,33.81372,0.9666905485456875,[[[0.05317956]]]
ILSVRC2012_val_00043917.png,32.66225,0.9422987927631992,[[[0.04573703]]]
ILSVRC2012_val_00043951.png,28.126106,0.9689508413918837,[[[0.04053521]]]
ILSVRC2012_val_00043978.png,34.648983,0.9285411484772655,[[[0.13230345]]]
ILSVRC2012_val_00043989.png,32.4971,0.976619927710347,[[[0.04489863]]]
ILSVRC2012_val_00044019.png,32.619545,0.9521387980185948,[[[0.08039743]]]
ILSVRC2012_val_00044046.png,32.734535,0.9678881056167363,[[[0.03535879]]]
ILSVRC2012_val_00044063.png,35.33315,0.9784977061066076,[[[0.03758418]]]
ILSVRC2012_val_00044071.png,32.695953,0.961557548406331,[[[0.02674713]]]
ILSVRC2012_val_00044101.png,31.864996,0.9707234618957856,[[[0.0168441]]]
ILSVRC2012_val_00044118.png,32.172695,0.9703712055513192,[[[0.12565023]]]
ILSVRC2012_val_00044220.png,39.131886,0.9519837779264321,[[[0.0745675]]]
ILSVRC2012_val_00044284.png,43.536266,0.9943925379503454,[[[0.02006236]]]
ILSVRC2012_val_00044338.png,33.998943,0.9435982732441468,[[[0.08369267]]]
ILSVRC2012_val_00044393.png,38.51435,0.9742475381846584,[[[0.07675404]]]
ILSVRC2012_val_00044427.png,32.78209,0.9637982590113331,[[[0.04862833]]]
ILSVRC2012_val_00044497.png,29.280739,0.9800781375211751,[[[0.0217783]]]
ILSVRC2012_val_00044527.png,31.891968,0.9695804672658134,[[[0.03096532]]]
ILSVRC2012_val_00044688.png,31.565044,0.9646648153890591,[[[0.02910565]]]
ILSVRC2012_val_00044753.png,36.431145,0.9823630597647722,[[[0.04099151]]]
ILSVRC2012_val_00044816.png,32.647606,0.9665982200778801,[[[0.03392908]]]
ILSVRC2012_val_00044849.png,32.34052,0.9552369449741214,[[[0.02934218]]]
ILSVRC2012_val_00044885.png,34.027042,0.9611796646259515,[[[0.11298957]]]
ILSVRC2012_val_00044996.png,35.097702,0.9558310240155785,[[[0.10746925]]]
ILSVRC2012_val_00045157.png,35.196514,0.9695212195929985,[[[0.05214736]]]
ILSVRC2012_val_00045246.png,32.096222,0.958850038852649,[[[0.07315511]]]
ILSVRC2012_val_00045284.png,42.9376,0.9813194664578103,[[[0.08703142]]]
ILSVRC2012_val_00045311.png,35.916275,0.9789355304351447,[[[0.03041518]]]
ILSVRC2012_val_00045319.png,37.003155,0.9801607609504501,[[[0.05743745]]]
ILSVRC2012_val_00045338.png,37.47464,0.9546306225084185,[[[0.06867687]]]
ILSVRC2012_val_00045362.png,32.33895,0.9411271096658,[[[0.12001518]]]
ILSVRC2012_val_00045382.png,34.855167,0.9377128137225088,[[[0.06500336]]]
ILSVRC2012_val_00045416.png,32.500458,0.9675546775736313,[[[0.0231017]]]
ILSVRC2012_val_00045571.png,31.510235,0.9696136228183246,[[[0.05233006]]]
ILSVRC2012_val_00045572.png,31.87996,0.9392450479741244,[[[0.0740497]]]
ILSVRC2012_val_00045629.png,41.77385,0.9931123896111688,[[[0.04290993]]]
ILSVRC2012_val_00045661.png,40.466763,0.9898766057533946,[[[0.01830091]]]
ILSVRC2012_val_00045669.png,35.95762,0.9717499317119279,[[[0.06199886]]]
ILSVRC2012_val_00045689.png,33.90103,0.9630913108173365,[[[0.14397754]]]
ILSVRC2012_val_00045743.png,35.311607,0.9563425133376184,[[[0.17805332]]]
ILSVRC2012_val_00045809.png,36.256435,0.9858264758618454,[[[0.01652232]]]
ILSVRC2012_val_00045857.png,36.98398,0.9637886346778404,[[[0.10333075]]]
ILSVRC2012_val_00045878.png,33.54313,0.9501731602305475,[[[0.05866992]]]
ILSVRC2012_val_00045882.png,27.873652,0.9698421583009125,[[[0.04978092]]]
ILSVRC2012_val_00045912.png,36.215538,0.9665002853597152,[[[0.02781131]]]
ILSVRC2012_val_00045968.png,34.786736,0.9512934323775638,[[[0.04588407]]]
ILSVRC2012_val_00045973.png,34.359768,0.9723603966705391,[[[0.03646043]]]
ILSVRC2012_val_00046040.png,37.114048,0.9723832642176169,[[[0.05734873]]]
ILSVRC2012_val_00046061.png,38.60436,0.9737932484607269,[[[0.02598636]]]
ILSVRC2012_val_00046115.png,29.028118,0.9889278611240345,[[[0.04091361]]]
ILSVRC2012_val_00046154.png,33.776417,0.9625718454402306,[[[0.07573961]]]
ILSVRC2012_val_00046194.png,29.10982,0.9686957028662717,[[[0.03043176]]]
ILSVRC2012_val_00046281.png,37.269276,0.9607802556344347,[[[0.04714583]]]
ILSVRC2012_val_00046392.png,33.10269,0.9715505800378121,[[[0.02322891]]]
ILSVRC2012_val_00046401.png,32.469215,0.9449673930923138,[[[0.06354352]]]
ILSVRC2012_val_00046427.png,30.127377,0.9499302020462302,[[[0.05544533]]]
ILSVRC2012_val_00046583.png,35.326267,0.9600988853965561,[[[0.04137748]]]
ILSVRC2012_val_00046615.png,34.63547,0.9458471835472002,[[[0.11924183]]]
ILSVRC2012_val_00046680.png,30.844963,0.9434605763140025,[[[0.05974982]]]
ILSVRC2012_val_00046682.png,35.374542,0.9749260150426866,[[[0.124592]]]
ILSVRC2012_val_00046705.png,40.01377,0.9848956605854994,[[[0.03317298]]]
ILSVRC2012_val_00046762.png,36.42577,0.9703049155053406,[[[0.02670308]]]
ILSVRC2012_val_00046790.png,31.933025,0.9593292748538285,[[[0.0607115]]]
ILSVRC2012_val_00046871.png,38.12006,0.9865116390111504,[[[0.02724931]]]
ILSVRC2012_val_00046881.png,33.74911,0.9528273836934776,[[[0.04228836]]]
ILSVRC2012_val_00046897.png,35.623585,0.9790582236216216,[[[0.07878406]]]
ILSVRC2012_val_00046933.png,32.52072,0.9712628613857391,[[[0.06677872]]]
ILSVRC2012_val_00047107.png,31.520147,0.9618425056782139,[[[0.03208592]]]
ILSVRC2012_val_00047179.png,34.657413,0.9734497954011024,[[[0.03982951]]]
ILSVRC2012_val_00047180.png,35.642086,0.9685661437525309,[[[0.02408444]]]
ILSVRC2012_val_00047310.png,31.636793,0.964736266771319,[[[0.02712581]]]
ILSVRC2012_val_00047388.png,35.087925,0.9829878078052131,[[[0.05098559]]]
ILSVRC2012_val_00047404.png,34.63293,0.9597777214622547,[[[0.07167593]]]
ILSVRC2012_val_00047405.png,34.73239,0.9552617757708631,[[[0.09457655]]]
ILSVRC2012_val_00047498.png,33.32294,0.9720829264450777,[[[0.06558606]]]
ILSVRC2012_val_00047534.png,31.537735,0.9516586070896969,[[[0.04444484]]]
ILSVRC2012_val_00047536.png,35.05315,0.9778570087039081,[[[0.02587681]]]
ILSVRC2012_val_00047558.png,33.268753,0.9399833514688586,[[[0.13040838]]]
ILSVRC2012_val_00047634.png,32.486988,0.95875136897298,[[[0.0500519]]]
ILSVRC2012_val_00047718.png,32.672264,0.9712906183332457,[[[0.0369299]]]
ILSVRC2012_val_00047730.png,31.821796,0.9648162539722502,[[[0.03208187]]]
ILSVRC2012_val_00047757.png,33.553177,0.9667633574086817,[[[0.02340883]]]
ILSVRC2012_val_00047831.png,33.08206,0.9596710887431185,[[[0.05568635]]]
ILSVRC2012_val_00047953.png,37.371162,0.9814241185892819,[[[0.05013823]]]
ILSVRC2012_val_00047963.png,33.442734,0.9575557874545887,[[[0.0505532]]]
ILSVRC2012_val_00048101.png,42.73938,0.9889499091504161,[[[0.02866612]]]
ILSVRC2012_val_00048108.png,36.40712,0.982190518894488,[[[0.02448444]]]
ILSVRC2012_val_00048115.png,35.25183,0.9387350276271194,[[[0.14917324]]]
ILSVRC2012_val_00048133.png,29.469702,0.9726260702656464,[[[0.02457447]]]
ILSVRC2012_val_00048175.png,30.741396,0.9792008883756713,[[[0.02863456]]]
ILSVRC2012_val_00048466.png,27.648064,0.9672274025917674,[[[0.04256957]]]
ILSVRC2012_val_00048470.png,34.186256,0.9703767222757788,[[[0.02344843]]]
ILSVRC2012_val_00048542.png,35.56794,0.9528814118377221,[[[0.06843127]]]
ILSVRC2012_val_00048624.png,33.187687,0.9410385322914364,[[[0.06302521]]]
ILSVRC2012_val_00048681.png,30.9469,0.9722150022541672,[[[0.0647583]]]
ILSVRC2012_val_00048737.png,40.959774,0.9860309014876817,[[[0.03024091]]]
ILSVRC2012_val_00048828.png,31.179756,0.965111731929946,[[[0.04535895]]]
ILSVRC2012_val_00049116.png,36.31837,0.9658550212016902,[[[0.03406576]]]
ILSVRC2012_val_00049119.png,29.511478,0.957742181756367,[[[0.026274]]]
ILSVRC2012_val_00049131.png,35.309174,0.9533662851215552,[[[0.2455476]]]
ILSVRC2012_val_00049193.png,32.41173,0.9732024273269856,[[[0.0444746]]]
ILSVRC2012_val_00049195.png,29.906786,0.9740050169962815,[[[0.0537523]]]
ILSVRC2012_val_00049198.png,30.247019,0.9461351338338749,[[[0.04523686]]]
ILSVRC2012_val_00049235.png,35.353912,0.9588211421785114,[[[0.08780312]]]
ILSVRC2012_val_00049241.png,31.858597,0.9443752441675677,[[[0.04031683]]]
ILSVRC2012_val_00049324.png,36.187206,0.9667457006952598,[[[0.04236222]]]
ILSVRC2012_val_00049333.png,32.57718,0.9858619957428063,[[[0.04792234]]]
ILSVRC2012_val_00049555.png,33.881287,0.9869268687366024,[[[0.01041535]]]
ILSVRC2012_val_00049637.png,36.215168,0.9586599180162783,[[[0.15464215]]]
ILSVRC2012_val_00049639.png,35.147606,0.9789179550429785,[[[0.0415829]]]
ILSVRC2012_val_00049688.png,33.233387,0.9696915649778199,[[[0.04682709]]]
ILSVRC2012_val_00049732.png,33.16348,0.9770126122073893,[[[0.05235699]]]
ILSVRC2012_val_00049817.png,33.068665,0.9539480266802508,[[[0.09514982]]]
ILSVRC2012_val_00049826.png,39.95139,0.9772021958025108,[[[0.05955015]]]
ILSVRC2012_val_00049851.png,33.526627,0.9516009418498259,[[[0.06008019]]]
ILSVRC2012_val_00049880.png,33.591328,0.9645600986850699,[[[0.04907435]]]
ILSVRC2012_val_00049990.png,31.184872,0.9704167398270208,[[[0.04733185]]]
